Polarity,Peak_shape,Alignment.ID,Average.Rt.min.,Average.Mz,Metabolite.name,Metabolite,Adduct.type,Post.curation.result,Fill..,MS.MS.assigned,Reference.RT,Reference.m.z,Formula,Ontology,INCHIKEY,SMILES,Annotation.tag..VS1.0.,RT.matched,m.z.matched,MS.MS.matched,Comment,Manually.modified.for.quantification,Manually.modified.for.annotation,Isotope.tracking.parent.ID,Isotope.tracking.weight.number,RT.similarity,m.z.similarity,Simple.dot.product,Weighted.dot.product,Reverse.dot.product,Matched.peaks.count,Matched.peaks.percentage,Total.score,S.N.average,Spectrum.reference.file.name,MS1.isotopic.spectrum,MS.MS.spectrum,QC.low_MSMS_pos2,XY.pos_1,XY.pos_10,XY.pos_11,XY.pos_12,XY.pos_13,XY.pos_14,XY.pos_15,XY.pos_16,XY.pos_17,XY.pos_19,XY.pos_2,XY.pos_3,XY.pos_4,XY.pos_5,XY.pos_6,XY.pos_7,XY.pos_8,XY.pos_9,X1,X1.1,ppm
Neg,Yes,9717,2.239,478.2944,LPE 18:1,LPE 18:1,[M-H]-,null,1,TRUE,6.366,478.29391,C23H46NO7P,LPE,PYVRVRFVLRNJLY-UHFFFAOYSA-N,O=C(OCC(O)COP(=O)(O)OCCN)CCCCCCCC=CCCCCCCCC,410,FALSE,TRUE,TRUE,Normalized unit: Intensity; Annotation method: Msp20250218112233_NCDK_conventional_converted_dev_1,FALSE,FALSE,9717,0,0,1,0.83,0.94,0.94,5,2,2.57,911.16,QC-low_MSMS_neg1,478.29327:4189091 479.29794:951144 480.30261:1829742,78.95570:12837 82.26888:3604 82.29268:3111 82.31628:3891 82.37908:3984 82.42146:4091 82.48514:4243 82.62011:3068 82.86062:3129 90.08785:3577 94.42818:3247 94.48117:3102 94.60999:3852 94.69549:3398 94.77676:3289 109.50610:4402 109.59677:2927 109.74072:3523 109.83957:3940 109.97386:4635 114.20273:2982 128.53757:4001 128.58400:3820 128.62132:4280 128.79034:3270 129.04517:4281 140.01176:20801 152.61774:2580 152.99776:4243 153.04779:3849 153.10712:3127 153.26743:5059 153.49020:3093 153.59679:2739 153.60895:3933 169.71313:3233 180.52750:3794 184.84503:3135 185.01160:3760 185.09140:4334 185.23424:3420 185.90196:3354 185.97661:3069 196.03784:129922 214.04836:29961 228.44962:5523 228.55977:5519 228.64738:3836 229.27078:4268 229.36742:4524 229.46545:3804 281.24854:1266713 289.07092:4252 289.19897:4776 289.35193:5971 290.20706:5886 377.41693:4254 377.83524:7056 378.25900:3825 379.11243:6292 379.32358:4291 379.36530:4159 392.25696:5408 392.30829:3512 478.29318:160849,70313702,6446701,8835349,3352362,4593001,92476422,56071622,64383686,65370602,39207922,63819920,6719033,5077091,6781373,3657321,4416849,4920268,8194526,6785838,2.79E+07,29820003.72,1.024474679
Pos,Yes,29557,22.238,876.8017,TG 52:2|TG 16:0_18:1_18:1,TG 16:0_18:1_18:1,[M+NH4]+,null,1,TRUE,14.813,876.80151,C55H102O6,TG,JFISYPWOVQNHLS-UHFFFAOYSA-N,O=C(OCC(OC(=O)CCCCCCCC=CCCCCCCCC)COC(=O)CCCCCCCCCCCCCCC)CCCCCCCC=CCCCCCCCC,410,FALSE,TRUE,TRUE,Normalized unit: Intensity; Annotation method: Msp20250218112233_NCDK_conventional_converted_dev_1,FALSE,FALSE,29557,0,0,1,0.09,0.16,0.83,4,2,2.2,7431.45,QC-low_MSMS_pos2,876.80048:7291819 877.80514:4356114 878.80981:1591744,78.51527:3497 81.06976:12120 82.20709:4212 83.08553:7664 88.11215:6095 94.36975:3459 94.69775:3310 95.08548:13859 97.10112:7849 97.52402:4137 102.12753:16494 109.10121:11672 109.27718:4025 109.86631:3397 109.98496:4130 114.45029:3666 121.10170:4067 123.11696:4835 128.42200:4805 128.43088:5042 128.53430:4173 128.55667:3991 128.58243:4434 128.89810:3690 128.99622:3990 131.80756:3944 133.50577:3656 135.11685:5139 149.13191:4058 152.62439:3527 152.94724:3070 153.25618:3660 166.60040:3488 174.22806:4084 185.11307:5207 185.71107:3892 213.13251:4129 228.43970:5720 265.25470:4653 282.27817:9055 289.16656:7208 289.22690:5682 290.03137:5353 290.06277:5596 290.20074:5774 290.46994:4303 310.31155:15270 311.31561:7865 314.10327:5015 368.70178:4555 377.42007:5794 377.68637:4778 377.81894:5634 378.05219:5251 379.07800:5211 385.31808:5863 385.36478:6079 513.85907:5090 514.51001:6109 515.90424:6123 515.97595:5755 516.23041:6154 517.87842:4951 577.52063:32373 589.51459:8506 592.58136:15992 603.53345:18637 620.61707:10923 699.71533:5188 739.64423:10511 740.25879:7347 741.35126:5412 742.46729:6829 742.61627:7245 743.16937:8451,74407380,16943899,14521623,14979107,22031773,1767917967,1380563407,1448799600,1200225567,413528360,1442294223,14516082,17559826,20342384,16016381,14135883,12439916,18799336,17411259,4.17E+08,646513042.7,0.216696707
Pos,Yes,13094,2.976,508.37607,LPC O-18:1,LPC O-18:1,[M+H]+,null,0.68,TRUE,6.725,508.37619,C26H54NO6P,EtherLPC,LGYDTKYITBAFRQ-UHFFFAOYSA-N,O=P([O-])(OCC[N+](C)(C)C)OCC(OCCCCCCCCC=CCCCCCCCC)CO,410,FALSE,TRUE,TRUE,Normalized unit: Intensity; Annotation method: Msp20250218112233_NCDK_conventional_converted_dev_1,FALSE,FALSE,13094,0,0,1,0.59,0.63,0.87,5,2,2.42,131.56,QC-low_MSMS_pos2,508.37607:8655943 509.38074:2481930 510.38540:0,79.58795:2970 82.32345:3587 82.47453:3618 82.47893:3357 86.09636:43702 87.09978:10846 88.10305:4161 88.11210:3406 94.39098:3446 94.44226:2947 95.08551:3467 97.28231:5019 104.10691:172186 108.36689:2671 109.45560:3329 109.51957:3432 109.56419:3342 109.85672:2634 111.11695:4078 124.99987:9531 128.43744:4275 128.47813:2888 128.51900:4406 128.73314:3502 152.87392:4046 152.91397:2831 152.92734:3435 152.96774:3066 152.97957:3974 153.20581:3414 153.31108:3409 153.48097:4182 163.01498:6843 164.01898:3241 184.07344:29332 228.36118:4692 288.91379:3699 289.08420:3505 289.22070:4181 289.94333:3027 367.32190:19028 377.68533:5544 377.89035:3653 378.09360:3866 378.75745:4370 378.97327:4111 379.38840:3319 389.44781:4689 409.59021:3175 448.28839:6162 449.29233:24908 508.36774:218742,111399372,10887217,19836630,15044361,9642312,438931,121905,225452,104665,70810,495671,8722779,13911674,7301498,13613725,16461423,8032069,21577257,8897528,1.40E+07,24590144.44,0.236045673
Neg,Yes,18237,11.716,788.54614,PS 36:1|PS 18:0_18:1,PS 18:0_18:1,[M-H]-,null,1,TRUE,9.017,788.54468,C42H80NO10P,PS,AJFWREUFUPEYII-UHFFFAOYSA-N,O=C(OCC(OC(=O)CCCCCCCC=CCCCCCCCC)COP(=O)(O)OCC(N)C(=O)O)CCCCCCCCCCCCCCCCC,410,FALSE,TRUE,TRUE,Normalized unit: Intensity; Annotation method: Msp20250218112233_NCDK_conventional_converted_dev_1,FALSE,FALSE,18237,0,0,1,0.43,0.58,0.68,8,2,2.29,37039.69,QC-low_MSMS_neg1,788.54510:756141 789.54977:376382 790.55444:98020,78.95579:17725 82.29729:3925 94.40160:3837 94.43636:3959 94.44586:4251 109.92346:3310 110.31458:3796 128.37146:3842 128.51517:3472 128.60107:5794 129.03452:4064 152.80415:3504 152.89534:3621 152.99593:40060 153.00671:5753 153.34785:3140 153.56636:3436 153.58253:3390 154.18039:3185 155.42773:3297 171.89433:4123 185.05946:3758 228.50841:5038 228.90697:4904 229.69272:4469 260.54428:3752 279.23483:5289 281.24869:37539 283.26419:110144 289.13007:5176 289.27292:5335 290.17346:4134 362.49402:4622 375.29965:5067 377.55289:4940 377.76364:5846 379.04236:6255 388.66830:9327 417.24158:13399 419.25684:74736 435.25317:4849 437.26749:32347 514.00323:5760 514.69464:5632 516.13690:4395 521.77271:5948 701.51093:40522 741.13098:4602 741.75909:4946 743.44373:6846,7104522,2922573,1694874,1422857,1618061,1231558108,446506046,464504558,947062752,430919551,490420347,5604006,1706878,1638780,1217440,1288251,2415483,1234302,7633294,202817512.3,357810198.9,1.851512079
Neg,Yes,19409,9.688,834.52948,PS 40:6|PS 18:0_22:6,PS 18:0_22:6,[M-H]-,null,0.5,TRUE,8.499,834.52911,C46H78NO10P,PS,LYYHRRPTEXPVOR-UHFFFAOYSA-N,O=C(OCC(OC(=O)CCC=CCC=CCC=CCC=CCC=CCC=CCC)COP(=O)(O)OCC(N)C(=O)O)CCCCCCCCCCCCCCCCC,410,FALSE,TRUE,TRUE,Normalized unit: Intensity; Annotation method: Msp20250218112233_NCDK_conventional_converted_dev_1,FALSE,FALSE,19409,0,0,0.97,0.07,0.15,0.53,8,2,2.04,11755.24,QC-low_MSMS_neg1,834.53333:142879 835.53799:258778 836.54266:0,78.95567:50276 82.31146:4094 82.48042:3698 94.44859:3722 94.68704:3293 94.78635:3643 94.79893:4271 96.96017:35921 96.96954:140080 99.07980:3508 109.52849:4895 109.83268:3437 109.89783:4613 123.73637:3539 128.55122:4001 128.60309:4605 149.24237:3992 149.91052:3509 152.93108:6430 152.99527:12555 153.02907:5468 153.52458:3334 153.81180:3776 177.21483:3708 185.07503:5207 185.14380:6322 185.16068:4250 185.20717:4227 185.24060:4968 185.51411:4041 185.74501:4822 185.89497:4038 228.44215:4960 228.53558:6116 228.62303:7971 229.13945:4817 229.33665:4596 229.44165:4394 283.26450:35550 287.28726:5681 287.96622:5108 289.18225:6259 289.34418:5597 289.60159:4955 290.17657:6380 290.32300:7370 310.23087:4707 327.23474:7745 377.80109:8925 379.09143:9283 379.31210:5450 389.30585:5926 419.25919:19193 514.00470:4834 514.09613:9996 514.40253:5111 514.79303:5974 516.06067:4722 516.14252:9305 552.56299:4373 722.61603:31013 740.02863:6435 743.43146:5315 743.55835:6461 747.49481:9563,902037,247904,21592,21998,126512,162477074,30577660,32253373,66408938,937314791,38199736,284309,165474,88470,65454,56281,216254,58634,635718,63541534.91,209266123.1,0.443363803
Neg,Yes,19988,8.627,857.51953,PI 36:4|PI 16:0_20:4,PI 16:0_20:4,[M-H]-,null,1,TRUE,8.174,857.51862,C45H79O13P,PI,VWRYMIZQLPXULA-UHFFFAOYSA-N,O=C(OCC(OC(=O)CCCCCCC=CCC=CCC=CCC=CCC)COP(=O)(O)OC1C(O)C(O)C(O)C(O)C1O)CCCCCCCCCCCCCCC,410,FALSE,TRUE,TRUE,Normalized unit: Intensity; Annotation method: Msp20250218112233_NCDK_conventional_converted_dev_1,FALSE,FALSE,19988,0,0,1,0.24,0.43,0.79,9,2,2.27,26561.74,QC-low_MSMS_neg1,857.51886:319631 858.52353:151398 859.52820:42899,82.17738:4051 82.38951:3866 82.49963:4965 94.52562:4028 94.60719:4472 109.53359:4390 109.56799:5957 109.88087:3445 125.41677:3656 127.34812:3819 128.77950:4541 128.82185:4256 128.90895:3652 128.96205:3929 128.98186:5179 137.04247:3785 151.77461:4239 152.48422:4001 152.99654:9128 153.10126:6412 154.11504:4020 185.06105:4180 185.19464:3934 185.21158:4140 185.79976:4516 185.89995:4273 212.69411:3886 228.45674:7371 228.62236:5558 229.13167:4772 229.64053:4631 241.01224:16045 255.23395:23167 282.15405:4294 289.29736:6961 290.30511:6119 303.23273:30007 377.74814:5050 377.80673:6853 379.07321:4712 387.08347:7853 387.12933:6934 391.22690:15158 391.82697:4932 514.07471:6256 516.07294:6138 516.15063:7079 553.28040:13239 739.93298:8669 740.54407:7715 741.15833:6801 743.40808:6005 743.53210:10783 857.51947:51495,1703848,327349,196195,509820,975303,601969032,213470178,200303148,449472719,185440520,200013659,454422,480524,852644,663321,700362,694906,747017,434684,93069489.87,170332471.4,1.061201447
Neg,Yes,20642,9.907,885.55084,PI 38:4|PI 18:0_20:4,PI 18:0_20:4,[M-H]-,null,1,TRUE,8.474,885.54993,C47H83O13P,PI,OJESNYFIPWSOPO-UHFFFAOYSA-N,O=C(OCC(OC(=O)CCCCCCC=CCC=CCC=CCC=CCC)COP(=O)(O)OC1C(O)C(O)C(O)C(O)C1O)CCCCCCCCCCCCCCCCC,410,FALSE,TRUE,TRUE,Normalized unit: Intensity; Annotation method: Msp20250218112233_NCDK_conventional_converted_dev_1,FALSE,FALSE,20642,0,0,1,0.55,0.72,0.91,9,2,2.45,105860.1,QC-low_MSMS_neg1,885.54962:1729569 886.55429:839401 887.55896:312890,78.95565:11134 82.31085:4075 82.47862:4088 82.56473:4476 86.47540:3714 94.44695:4815 94.47467:4207 94.48367:3604 109.57552:3958 109.65068:4621 109.75124:4297 110.26826:4109 112.98582:10844 128.62538:5566 128.63551:4524 128.67606:4050 129.08913:5326 152.99588:18470 153.05206:4552 153.63339:4925 185.04622:4175 185.12132:4723 185.19797:6160 185.25462:3733 185.27203:6207 223.00153:11569 229.31097:5374 241.01213:65601 283.26468:72722 289.39951:5581 290.40207:6341 297.03833:8026 303.23270:79210 374.36392:4443 377.86038:6327 377.90741:5211 379.15710:5165 379.20505:5213 379.35156:4853 386.54883:6577 419.25662:36549 419.30350:4192 437.26965:5452 470.38986:4762 514.00970:5060 514.22394:6535 514.49213:5211 581.30670:34734 599.32281:8271 601.27814:6698 621.53027:4508 695.23431:5761 701.94537:4763 741.25732:6911 743.59839:7034 885.55035:214723,11386785,2614637,2118990,4377550,4672189,1715885980,575683871,552166034,1284684265,558322109,565355828,3297816,2682204,4776685,3299706,4577026,3704137,3554453,3660298,265876186.9,483895077.4,1.027610041
Neg,Yes,20605,8.619,883.53485,PI 38:5|PI 18:1_20:4,PI 18:1_20:4b,[M-H]-,null,0.95,TRUE,8.217,883.53418,C47H81O13P,PI,XGZVRASBCZTHNO-UHFFFAOYSA-N,O=C(OCC(OC(=O)CCCCCCC=CCC=CCC=CCC=CCC)COP(=O)(O)OC1C(O)C(O)C(O)C(O)C1O)CCCCCCCC=CCCCCCCCC,410,FALSE,TRUE,TRUE,Normalized unit: Intensity; Annotation method: Msp20250218112233_NCDK_conventional_converted_dev_1,FALSE,FALSE,20605,0,0,1,0.12,0.23,0.75,9,2,2.18,15550.49,QC-low_MSMS_neg1,883.53351:192239 884.53818:71802 885.54284:0,82.24293:3794 94.41915:3764 94.71469:4568 94.80198:4299 97.29166:10559 103.95628:3823 106.60284:3441 109.49316:4475 109.52069:4735 109.52959:4664 109.55829:3856 109.97818:3791 128.48239:4248 128.52965:3797 128.96539:5542 152.97098:4241 152.98547:4778 153.03558:5436 153.55786:4128 153.61147:3895 185.00554:5519 185.05402:3674 185.07072:5525 185.13057:4500 185.15189:4605 185.44684:4715 185.59140:4224 185.89005:4139 228.34941:5705 228.52954:5346 228.55025:5038 229.34390:5933 229.38222:4669 241.01167:13998 281.24722:5246 289.30444:5421 290.16562:4731 290.30658:5366 290.33832:4834 303.23337:16104 377.61008:6222 377.80023:8258 379.08597:6574 383.95667:4735 389.75043:9087 417.23965:5529 514.10608:8244 516.15491:9968 516.49316:6882 562.95801:4613 738.33984:6697 739.95099:5678 740.06396:7077 741.23090:7095 742.90753:8112 743.48425:8647 744.63837:5662 765.62683:5776 883.53912:26054,900721,258469,154764,216642,407650,548990756,206791089,206411669,411823816,69802698,201856507,266862,210502,301346,229837,332386,298848,267988,325602,82542467.18,156560746.6,0.758318145
Neg,Yes,15549,12.381,700.53009,PE O-34:2|PE O-16:1_18:1,PE O-16:1_18:1,[M-H]-,null,0.7,TRUE,10.24,700.52869,C39H76NO7P,EtherPE,RFPQMVKZNQOUGY-UHFFFAOYSA-N,O=C(OC(COCCCCCCCCC=CCCCCCC)COP(=O)(O)OCCN)CCCCCCCC=CCCCCCCCC,410,FALSE,TRUE,TRUE,Normalized unit: Intensity; Annotation method: Msp20250218112233_NCDK_conventional_converted_dev_1,FALSE,FALSE,15549,0,0,1,0.24,0.27,0.81,3,2,2.24,37608.84,QC-low_MSMS_neg1,700.52966:272543 701.53433:117221 702.53900:17721,82.29391:3926 82.31515:3016 82.33681:4251 82.42378:3664 82.50547:3252 82.51146:5325 82.53084:3525 94.42487:3486 94.45734:3640 94.69582:3176 94.71867:6425 94.82602:4836 94.83117:3489 97.29140:6554 109.57084:4673 109.60417:5313 109.76964:3973 109.87224:4400 110.00677:4184 122.15774:3083 128.52895:4460 128.57053:4720 128.61206:4353 128.83275:3716 128.95270:4866 129.12445:3338 140.01274:3302 146.63528:2991 152.80008:3213 152.98766:4437 153.04152:5278 153.09586:6018 153.14940:3662 153.64606:4874 185.14066:5027 185.21332:4449 185.28407:3761 185.50652:3536 185.64954:4520 185.80304:4312 185.88136:4120 185.96088:4912 191.85938:3452 228.72635:5458 229.43707:5363 229.63284:4481 229.72224:4510 253.21788:4805 255.23312:16582 256.36420:4714 281.24814:113158 289.13889:5313 289.28137:7273 289.42142:6574 289.82645:4608 290.43243:5786 290.71371:5907 377.75153:4442 377.83496:4031 377.91779:6490 377.96466:7548 378.38348:5952 379.23914:6779 379.47156:4623 379.66162:3913 418.27203:5975 436.28403:9683 513.60132:4398 513.93787:5405 514.27173:10068 514.60535:4929 516.29968:8962 516.67267:6976 700.52460:9913,2096164,1397057,420855,96524,341435,764716970,610186484,620879578,573826238,372838035,686534104,1320187,685937,197499,214354,227248,1091601,500329,2257270,182138824.7,291886610.1,1.998490597
Neg,Yes,16168,14.443,728.56134,PE O-36:2|PE O-18:1_18:1,PE O-18:1_18:1,[M-H]-,null,0.75,TRUE,11.613,728.56,C41H80NO7P,EtherPE,GHNXVMPBTBKJRP-UHFFFAOYSA-N,O=C(OC(COCCCCCCCCC=CCCCCCCCC)COP(=O)(O)OCCN)CCCCCCCC=CCCCCCCCC,410,FALSE,TRUE,TRUE,Normalized unit: Intensity; Annotation method: Msp20250218112233_NCDK_conventional_converted_dev_1,FALSE,FALSE,16168,0,0,1,0.26,0.29,0.82,3,2,2.26,5219.61,QC-low_MSMS_neg1,728.56091:325729 729.56558:145641 730.57025:33269,82.26840:3388 82.31163:4098 82.48178:3779 82.50378:3808 82.57153:4015 94.42673:3014 94.47417:4150 94.48054:4245 94.80000:4910 94.82672:3074 94.85379:4562 97.29062:3177 109.50246:3250 109.56965:4427 109.60004:4549 109.62657:3959 109.63569:3407 109.93501:4469 110.03679:3363 111.43765:3279 128.48494:3264 128.53285:4030 128.65099:3077 128.78270:4125 128.86981:3297 128.92661:3580 128.96152:3932 129.04466:5003 129.08754:4638 129.17247:3735 152.99226:5911 153.04240:5578 153.10268:5425 153.26880:4370 153.48578:5531 153.53955:3864 153.59528:4110 185.07787:5596 185.09718:3643 185.15990:6223 185.44528:4013 185.75117:4751 185.82355:5968 228.33911:4623 228.44930:6032 228.54199:4694 228.65283:6942 229.34924:7652 229.47284:4963 281.24857:132859 281.27829:6963 289.19629:4291 289.32483:5449 290.20297:4114 290.34470:4418 309.28021:37824 317.34158:3944 356.57626:4963 377.58942:6703 377.78864:3913 377.83289:8891 379.09546:9907 379.31250:4176 379.73795:3646 436.28305:7733 446.30154:6873 446.63159:4598 464.31433:13388 513.77972:6022 514.08588:8357 514.16486:6343 514.46136:5908 515.49847:5629 515.83795:6095 516.16644:7550 728.56189:12983,4191419,2351950,582654,53301,463786,236918768,174806641,183402606,167022304,111826837,199624746,1719055,987453,210957,228494,305528,1597993,758521,3000726,54726304.92,86065047.2,1.839244537
Neg,Yes,9778,3.531,480.30908,LPE 18:0,LPE 18:0,[M-H]-,null,1,TRUE,6.828,480.3096,C23H48NO7P,LPE,BBYWOYAFBUOUFP-UHFFFAOYSA-N,O=C(OCC(O)COP(=O)(O)OCCN)CCCCCCCCCCCCCCCCC,410,FALSE,TRUE,TRUE,Normalized unit: Intensity; Annotation method: Msp20250218112233_NCDK_conventional_converted_dev_1,FALSE,FALSE,9778,0,0,1,0.86,0.94,0.94,5,2,2.58,664.26,QC-low_MSMS_neg1,480.30920:10135425 481.31387:2779058 482.31854:543834,78.95569:20368 82.27711:5813 82.58274:4879 85.64811:4636 86.09629:4097 87.62354:6231 90.61782:7373 90.62259:5967 94.49036:5375 94.77802:3677 94.81088:4902 97.32855:4360 109.50554:5677 109.51540:5059 109.57890:3823 109.73792:5646 109.74853:5078 109.91609:5268 109.94748:5241 111.99396:4254 121.75494:5830 128.54277:6107 128.55133:4772 128.58794:5295 128.63129:6561 128.78996:5730 128.80209:4521 128.88324:6352 128.92056:4213 129.18449:4290 135.49931:3692 140.01169:38520 141.61949:3955 143.18724:4697 152.94749:9070 152.99583:8245 153.06386:7145 153.10196:4177 153.12244:4372 153.50092:4836 153.61536:5798 176.52179:4225 185.16605:3742 185.18115:7683 185.25816:5561 185.46469:4747 185.61494:5629 185.76282:4340 186.61018:6460 196.03799:306680 214.04901:49829 221.32455:4548 228.58183:6898 229.37762:6267 255.23322:26235 283.26425:2953345 289.08615:5134 289.20731:5021 289.23761:6853 289.35727:7138 290.23886:5842 290.37344:6025 318.51959:5669 377.85818:8925 379.17099:8006 379.37448:6631 389.52716:5815 389.57275:9461 480.30911:503355,121224983,25289986,30470948,16818196,25093634,24450775,16830591,17308002,18413138,22255877,20670616,26599420,19809004,26563180,22216384,23232828,21640496,30118430,22963990,32846354.66,31116547.05,1.082635034
Neg,Yes,9592,1.059,474.26096,LPE 18:3,LPE 18:3,[M-H]-,null,0.8,TRUE,6.104,474.2626,C23H42NO7P,LPE,NTBBASCGALPTDC-UHFFFAOYSA-N,O=C(OCC(O)COP(=O)(O)OCCN)CCCCCCCC=CCC=CCC=CCC,410,FALSE,TRUE,TRUE,Normalized unit: Intensity; Annotation method: Msp20250218112233_NCDK_conventional_converted_dev_1,FALSE,FALSE,9592,0,0,0.99,0.36,0.42,0.76,5,2,2.27,44.81,QC-low_MSMS_neg1,474.26096:1657547 475.26562:0 476.27029:0,82.27688:2964 82.48333:3334 82.50936:3147 82.57639:3745 82.62119:3335 89.02801:2717 94.42202:2886 94.42831:3827 94.60931:2430 94.69615:3177 94.72080:2841 94.81865:3397 94.85761:2607 97.30020:8295 99.23446:2606 100.21851:2666 109.50852:3095 109.54269:3229 109.56991:2418 109.84300:3248 109.97476:2723 110.00735:2768 128.01024:8212 128.78508:3315 128.82422:2340 129.09177:3582 152.92911:2553 152.94681:3019 153.06009:3661 153.09967:2566 153.27724:3192 153.66217:3872 154.62750:2630 160.45563:2890 173.00816:3422 185.16023:3922 185.73924:3120 185.97783:3558 196.03809:16371 214.04915:3811 220.14661:10426 221.15524:13345 224.06834:5770 240.09891:29402 249.14977:7703 253.10631:7248 254.11736:4044 276.16028:82115 277.21729:191466 285.09677:40524 289.19531:6105 289.33997:4452 290.20547:4380 294.17972:5624 294.21152:4546 362.12839:6617 362.17227:98848 377.83203:5102 379.12268:5534 379.16528:3697 379.35999:4087 387.23700:3394 388.19894:6677 417.77115:3642 474.27148:234823 474.36493:29040,3569228,833255,1099258,508368,973160,742167,437248,481961,590855,85846,511603,974727,875508,757115,666894,997624,556733,1107821,668100,1039566.921,1038613.387,3.457999851
Pos,Yes,10786,1.652,454.32855,LPC O-14:0,LPC O-14:0,[M+H]+,null,0.63,TRUE,5.624,454.32919,C22H48NO6P,EtherLPC,NJGCXCOQLSTJQC-UHFFFAOYSA-N,O=P([O-])(OCC[N+](C)(C)C)OCC(OCCCCCCCCCCCCCC)CO,410,FALSE,TRUE,TRUE,Normalized unit: Intensity; Annotation method: Msp20250218112233_NCDK_conventional_converted_dev_1,FALSE,FALSE,10786,0,0,1,0.58,0.59,0.92,5,2,2.43,126.37,QC-low_MSMS_pos2,454.32855:4106902 455.33322:0 456.33789:0,81.01842:3272 82.55755:3157 85.10112:5646 86.09642:9783 88.11195:8866 89.05966:22197 94.58096:3156 95.08562:4264 102.12776:6739 104.10696:264942 107.94999:2758 109.10130:3212 109.82421:2793 123.08005:2807 125.00002:8346 128.43527:2668 128.47784:3031 128.53038:2656 128.55684:2820 128.73305:3246 133.08603:13567 146.98190:5176 152.92157:4185 153.41560:3087 153.46317:2503 153.52812:3085 177.11176:6759 181.12160:4184 184.07312:36790 185.08017:3573 185.57904:2612 185.66571:3496 289.21164:5332 290.07507:5944 313.27374:16509 354.21494:3327 377.45966:4876 377.67639:4531 378.73071:3260 379.15710:4416 387.93787:3936 436.31830:4495 454.32703:91585 454.42123:18239,45459790,15004973,17704716,11481543,13271383,171854,132704,173285,116141,126619,142578,17535316,11636729,14438702,12245181,13632169,13167255,17209102,13021030,11403740.53,10720320.4,1.40867022
Pos,Yes,11423,2.035,468.3429,LPC O-15:0,LPC O-15:0a,[M+H]+,null,0.26,TRUE,5.88,468.34491,C23H50NO6P,EtherLPC,VTFABDYKCIOCAV-UHFFFAOYSA-N,O=P([O-])(OCC[N+](C)(C)C)OCC(OCCCCCCCCCCCCCCC)CO,410,FALSE,TRUE,TRUE,Normalized unit: Intensity; Annotation method: Msp20250218112233_NCDK_conventional_converted_dev_1,FALSE,FALSE,11423,0,0,0.98,0.15,0.22,0.94,5,2,2.26,194.08,QC-low_MSMS_pos2,468.34290:4119599 469.34756:639657 470.35223:0,82.30127:5502 83.08542:19535 85.10114:204810 86.09644:29208 87.04403:25040 88.11217:7013 89.05966:1187677 91.07558:9143 94.40987:7960 94.67692:5695 97.10112:38940 97.28172:13194 99.11673:44934 104.10693:416753 107.07024:19575 109.54876:8203 109.58332:8987 109.70443:5060 111.11674:34127 111.64773:5190 113.13261:30797 117.09097:35101 124.99986:12727 125.13295:6087 127.14848:11996 128.45537:4536 128.55432:6310 128.59814:6252 128.75392:4793 128.92743:5141 128.97433:6209 129.06068:5575 129.32793:4345 129.48833:5031 130.08643:16234 131.07089:8668 133.08589:708340 135.10217:7131 149.11688:7979 151.09654:19753 152.79584:5189 152.90092:6377 152.96021:6363 153.01595:5321 153.07312:8347 153.45470:5857 153.51649:5833 161.34320:7160 169.19511:41921 177.11205:199648 184.07326:76033 185.56453:5608 185.68475:5404 185.71098:5082 195.12273:32678 213.22157:24996 221.13834:14713 229.28773:5018 229.41107:8001 239.14857:33780 257.24716:56361 283.17459:98652 289.13629:7749 289.28381:8269 289.57547:6800 290.43771:6201 301.27429:19562 363.31012:14715 372.63977:5903 377.70486:6379 377.77109:10041 378.21033:5890 378.82584:7288 379.05804:9584 387.98288:10414 388.03241:4990 407.33548:10490 415.31854:6570 440.66205:6776 451.36313:58680 468.34274:122179,64823089,20952820,22674478,16890462,19220504,2849755,2581442,3100813,2326874,2025304,3037252,22727842,15750940,19960554,17032352,17147056,16855584,20124126,18570866,16244848.05,14181750.26,4.291708861
Pos,Yes,12023,2.618,482.36008,LPC O-16:0,LPC O-16:0,[M+H]+,null,1,TRUE,6.617,482.3605,C24H52NO6P,EtherLPC,RKKJZVVEVRCBJA-UHFFFAOYSA-N,O=P([O-])(OCC[N+](C)(C)C)OCC(OCCCCCCCCCCCCCCCC)CO,410,FALSE,TRUE,TRUE,Normalized unit: Intensity; Annotation method: Msp20250218112233_NCDK_conventional_converted_dev_1,FALSE,FALSE,12023,0,0,1,0.12,0.15,0.93,5,2,2.24,580.47,QC-low_MSMS_pos2,482.36008:37567632 483.36474:10113887 484.36941:1773079,82.26702:3458 85.10117:14700 86.09637:15116 87.04411:9825 89.05966:550189 94.38007:3399 94.60398:3684 99.11676:2860 102.12738:7343 103.03892:180914 104.10693:129666 105.11034:3268 107.07011:7492 109.52744:3014 109.59364:3658 109.69595:3204 109.70402:2750 109.81433:3042 109.89068:3419 109.89848:2815 125.00002:6617 125.14424:3256 128.56502:3377 128.57393:3311 128.62363:3148 129.02873:3390 130.08601:10451 131.07043:5823 133.08589:500810 141.08287:3279 147.06531:7100 149.11765:3345 151.09657:11914 152.89484:3325 152.93556:4537 153.04413:3489 153.22728:3486 153.48717:4305 153.53255:3381 154.36385:4617 159.28561:3655 161.42564:4578 170.05742:9582 177.11200:155765 181.02544:5362 184.07330:127128 185.01169:3255 185.02843:4363 185.08174:3476 185.54434:3460 185.68312:3350 185.90987:3924 195.12276:28197 209.10115:3501 221.13773:7975 228.56967:4965 228.76750:4956 229.28992:4402 239.14850:35141 283.17468:222754 289.21710:4455 289.25311:4751 290.08420:4108 290.11761:3874 297.15369:11929 299.25623:5156 310.30887:21268 313.27335:54386 339.28769:5686 340.29044:8686 341.29550:28967 377.70099:4714 377.74698:4856 378.12192:3722 378.99377:5315 385.34668:6044 461.73752:4917 464.31125:14051 482.36096:46152 482.45602:34219,471428812,84328368,97209624,72032856,80748456,17421563,14743206,16534082,13986314,12749981,15967713,92596355,66790112,83568216,69177896,72025240,71653808,91160048,76573832,80036656.92,99864054.71,0.870718063
Pos,Yes,15047,6.832,538.41986,LPC O-20:0,LPC O-20:0a,[M+H]+,null,0.42,TRUE,7.643,538.4231,C28H60NO6P,EtherLPC,YYGTUBFHUJNRRV-UHFFFAOYSA-N,O=P([O-])(OCC[N+](C)(C)C)OCC(OCCCCCCCCCCCCCCCCCCCC)CO,410,FALSE,TRUE,TRUE,Normalized unit: Intensity; Annotation method: Msp20250218112233_NCDK_conventional_converted_dev_1,FALSE,FALSE,15047,0,0,0.96,0.26,0.25,0.85,5,2,2.24,7.89,QC-low_MSMS_pos2,538.41986:145530 539.42453:0 540.42920:0,82.26181:3833 82.28328:2829 82.46844:3314 82.57269:3310 83.08553:3527 94.28869:3292 94.47398:2768 94.55620:2696 95.08555:3262 104.10694:85802 109.10152:3879 109.55688:2573 109.72676:3968 109.93801:2996 110.03429:5079 111.04429:3049 123.11694:5301 126.82536:2636 127.72724:2545 128.54155:2764 128.96161:3160 129.00777:2832 129.04520:2784 129.17024:2802 132.92772:3062 153.03340:2823 153.49576:3903 153.55522:2930 158.82097:3108 177.16441:2952 179.03096:2724 184.07350:20835 185.06677:3873 185.14426:3151 185.18329:2792 185.21550:4213 185.55655:3591 185.57549:3507 185.73076:4324 185.75919:3745 192.61058:2977 228.43155:3939 228.58794:3390 289.00189:3751 289.14417:3989 290.13110:4718 290.19241:4346 334.16431:3882 378.06223:3480 379.01749:3757 379.38995:3802 385.47852:6382 407.75696:3515 457.40390:4013 467.38828:11278 497.27863:11667 514.02777:5653 514.10327:4297 514.37085:4361 514.71936:3663 516.10822:3995 538.43011:18511 538.58679:8011 540.99768:3878,1231847,218017,289214,225230,297084,18110,13251,16907,19476,4545,8397,135750,150971,266582,130423,124396,148804,174251,147289,190554.9849,270588.725,6.017572426
Neg,Yes,20152,11.456,863.56641,PI 36:1|PI 18:0_18:1,PI 18:0_18:1,[M-H]-,null,0.85,TRUE,9.147,863.56549,C45H85O13P,PI,YOBFISPJJWPPTK-UHFFFAOYSA-N,O=C(OCC(OC(=O)CCCCCCCC=CCCCCCCCC)COP(=O)(O)OC1C(O)C(O)C(O)C(O)C1O)CCCCCCCCCCCCCCCCC,410,FALSE,TRUE,TRUE,Normalized unit: Intensity; Annotation method: Msp20250218112233_NCDK_conventional_converted_dev_1,FALSE,FALSE,20152,0,0,1,0.16,0.36,0.81,9,2,2.25,8225.18,QC-low_MSMS_neg1,863.56476:157183 864.56943:88051 865.57409:0,82.26524:4877 82.37483:3790 82.39874:3455 82.54595:3476 94.41926:6765 94.46947:4468 94.55427:5431 94.68650:6626 97.29290:7246 109.73451:4472 109.90320:4445 110.23866:3635 115.62808:3682 128.78404:3992 128.99763:6955 129.03654:3933 152.99593:6219 153.03964:5028 153.37532:4041 153.48517:4196 153.52458:4109 153.53757:7320 153.64052:3999 185.08284:4642 185.14688:4865 185.24731:3930 185.74069:4849 190.86980:4288 228.44325:4494 228.54887:4942 229.25336:5396 229.34630:5171 241.01184:10145 281.24884:15841 283.26398:6034 285.00314:4079 289.18686:4810 289.33429:6613 290.18564:7180 290.31741:4925 332.90976:5476 377.59634:5640 377.81900:9547 378.89297:4747 379.08765:6281 379.73233:4790 386.52579:6144 419.25415:5486 424.27185:5066 513.44745:4900 514.08826:9787 516.16882:8579 581.31158:5739 739.95990:6278 741.18060:5387 742.89276:7312 743.55585:7813 823.98962:4981 863.56622:42622,1255230,376363,263990,181449,311357,18837660,2454017,3290678,10124352,1971695,3325237,366791,262288,300209,185575,360693,342673,270192,487511,2310377.829,4511611.133,1.065350585
Neg,Yes,16126,12.262,726.54596,PE O-36:3|PE O-18:2_18:1,PE O-18:2_18:1,[M-H]-,null,0.65,TRUE,10.716,726.54431,C41H78NO7P,EtherPE,KTJAFMBXBPVGGI-UHFFFAOYSA-N,O=C(OC(COCCCCCCCCC=CCC=CCCCCC)COP(=O)(O)OCCN)CCCCCCCC=CCCCCCCCC,410,FALSE,TRUE,TRUE,Normalized unit: Intensity; Annotation method: Msp20250218112233_NCDK_conventional_converted_dev_1,FALSE,FALSE,16126,0,0,0.99,0.55,0.54,0.77,3,2,2.35,26108.63,QC-low_MSMS_neg1,726.54620:347192 727.55087:165022 728.55554:26787,82.29543:3257 82.52538:3382 82.59281:4637 94.25910:3288 94.46953:3458 94.49562:3698 94.70675:3903 94.81993:3822 97.30039:6838 102.54500:3980 108.49242:3617 109.52364:3944 109.79861:3433 110.05815:3401 110.06593:3758 115.23692:3895 119.14980:2993 121.22578:2917 134.10840:3191 153.02321:3949 153.07532:4457 153.29361:3853 153.30667:3607 153.57150:4619 153.63016:5039 163.61298:3165 185.04457:4296 185.14168:3310 185.19063:5047 185.27870:4577 185.71100:4804 185.78838:4742 228.60304:4449 228.70279:4654 229.40059:5364 281.24860:367678 289.11136:4579 289.25174:5054 289.38919:5229 290.38721:5488 290.42416:3710 377.67816:4463 377.88333:6775 379.18948:4610 379.42191:4840 385.67224:4859 403.42731:4101 444.28787:14323 462.29910:29625 463.88651:4182 513.91162:4434 514.24432:4168 514.57349:4841 516.24127:6027 566.16711:3972 616.32764:4038 726.54730:24018,4529986,2034064,1216841,173440,566886,819655907,624738345,648404032,589771604,353751661,697457162,3421126,960273,537232,587929,432749,1552096,762204,5857499,188052881.9,302167605.2,2.271024599
Neg,Yes,16030,10.52,722.5144,PE O-36:5|PE O-16:1_20:4,PE O-16:1_20:4,[M-H]-,null,0.95,TRUE,9.841,722.513,C41H74NO7P,EtherPE,YATSYZSZUULQDZ-UHFFFAOYSA-N,O=C(OC(COCCCCCCCCC=CCCCCCC)COP(=O)(O)OCCN)CCCCCCC=CCC=CCC=CCC=CCC,410,FALSE,TRUE,TRUE,Normalized unit: Intensity; Annotation method: Msp20250218112233_NCDK_conventional_converted_dev_1,FALSE,FALSE,16030,0,0,0.99,0.14,0.21,0.5,3,2,2.07,12397.21,QC-low_MSMS_neg1,722.51508:148308 723.51974:82299 724.52441:0,82.21103:3337 82.23642:3667 82.30903:3385 82.41019:3931 82.56483:3441 91.27099:3168 94.46850:3619 94.50258:4239 94.68134:5267 109.53213:3415 109.54253:3491 109.72975:3936 109.92902:3906 128.54306:3836 128.58931:3084 128.63167:4783 128.77216:3956 128.90210:3106 147.22519:3805 152.08723:3449 153.00928:6388 153.04776:3477 153.06686:4128 153.24786:3687 168.04323:4960 181.25513:3637 185.11148:3292 185.79594:3776 227.98317:3863 228.64111:5472 259.24161:4338 289.29483:4004 289.32645:6436 289.40741:4540 289.56381:4545 290.14575:5853 290.27591:4495 290.31369:4948 303.23285:49240 377.81772:7548 378.16327:4180 379.04135:5499 379.08786:4478 379.29053:4197 388.59573:7971 407.80835:4128 418.27496:5202 436.28418:10562 514.03442:4350 514.10974:5361 514.38489:6026 515.73651:4788 516.05121:5778 722.61700:11932,1077156,181666,104760,727409,401375,199355981,152002163,144904817,129502102,33231013,157372519,248048,173591,728794,424582,493531,318621,312686,390910,41145218.48,69823723.84,1.937681398
Neg,Yes,17411,14.133,754.57758,PE O-38:3|PE O-18:2_20:1,PE O-18:2_20:1,[M-H]-,null,0.5,TRUE,11.852,754.57562,C43H82NO7P,EtherPE,VBHVWWDERMHMNQ-UHFFFAOYSA-N,O=C(OC(COCCCCCCCCC=CCC=CCCCCC)COP(=O)(O)OCCN)CCCCCCCCCC=CCCCCCCCC,410,FALSE,TRUE,TRUE,Normalized unit: Intensity; Annotation method: Msp20250218112233_NCDK_conventional_converted_dev_1,FALSE,FALSE,17411,0,0,0.99,0.46,0.41,0.75,3,2,2.29,41.13,QC-low_MSMS_neg1,754.57770:169478 755.58237:89914 756.58703:18923,82.50887:3499 94.47205:3842 97.29229:6658 109.47748:3994 109.87633:3011 128.37788:3937 128.57422:3870 129.02528:3392 152.74838:3326 152.84846:3218 152.95041:3452 153.00713:3800 153.40331:4489 229.17613:4413 281.24774:5893 282.13226:4079 289.41541:4946 289.71429:5013 309.24399:7412 309.27985:147142 377.70209:4577 379.09927:4712 387.97751:6787 414.48981:4546 462.29782:7236 466.17624:4269 504.74466:4283 515.06403:4295 516.06445:6111 741.64453:7974 742.84192:5476 746.97583:4704 754.57886:8909,2136109,853095,506742,9491,149602,35826768,25865714,27930058,24842370,15724300,29866510,1364207,302999,119030,122137,84248,614035,258715,2697337,8577687.25,12645011.3,2.597486518
Neg,Yes,17321,12.279,750.54572,PE O-38:5|PE O-18:1_20:4,PE O-18:1_20:4,[M-H]-,null,1,TRUE,10.622,750.54431,C43H78NO7P,EtherPE,VLIJZYIABFUKFN-UHFFFAOYSA-N,O=C(OC(COCCCCCCCCC=CCCCCCCCC)COP(=O)(O)OCCN)CCCCCCC=CCC=CCC=CCC=CCC,410,FALSE,TRUE,TRUE,Normalized unit: Intensity; Annotation method: Msp20250218112233_NCDK_conventional_converted_dev_1,FALSE,FALSE,17321,0,0,1,0.14,0.15,0.88,3,2,2.22,14285.84,QC-low_MSMS_neg1,750.54517:221079 751.54983:106807 752.55450:28540,82.27176:3840 82.49152:4987 82.51498:6945 94.43028:4940 94.69490:5868 94.70079:3918 94.80518:3422 109.51331:4418 109.54494:3913 109.84461:4002 113.70400:3284 128.49837:4984 128.53918:5415 128.57939:4288 128.62892:4364 128.79390:3970 129.00400:4076 129.09534:3569 147.43503:3067 153.00154:5783 153.05435:4671 153.33006:3411 153.38536:3887 153.55605:4514 185.17554:4882 185.98090:3507 223.18146:3698 228.46362:4776 228.55948:4426 228.65614:5734 229.36768:5958 289.22009:4987 289.35709:6046 290.21817:4364 290.36868:4436 290.64374:4134 303.23282:34001 377.62589:4416 377.87262:4909 378.27988:5664 379.11667:4460 379.34518:4729 464.31293:5370 513.82202:4873 514.14764:8813 514.46747:3740 514.79730:4340 516.19373:5434 519.30798:4209 650.52924:4135 740.12524:4408 740.68634:5993 741.25580:7000 743.04889:6709 743.66052:8000 750.54126:5302 750.83960:3933,1937128,656528,220224,697240,715078,302486408,255613556,253566794,234188106,119639890,281836553,504830,509080,715958,553773,616770,813103,684958,800693,72939724.6,117726455.7,1.878636586
Neg,Yes,18004,13.626,778.57727,PE O-40:5|PE O-18:1_22:4,PE O-18:1_22:4,[M-H]-,null,0.55,TRUE,11.539,778.57562,C45H82NO7P,EtherPE,AXKTVZFNYZPELI-UHFFFAOYSA-N,O=C(OC(COCCCCCCCCC=CCCCCCCCC)COP(=O)(O)OCCN)CCCCCCCCC=CCC=CCC=CCC=CCC,410,FALSE,TRUE,TRUE,Normalized unit: Intensity; Annotation method: Msp20250218112233_NCDK_conventional_converted_dev_1,FALSE,FALSE,18004,0,0,1,0.13,0.19,0.49,3,2,2.07,161.62,QC-low_MSMS_neg1,778.57495:82385 779.57962:37085 780.58429:0,81.79973:3073 82.23898:3950 82.25565:3662 82.26008:3163 82.30341:3907 82.49664:3403 82.56102:4646 82.58115:3777 86.07838:2941 94.41512:3562 94.46844:4850 94.80971:3637 97.29144:8737 109.47948:3631 109.49300:3628 109.76200:4306 109.91816:3065 109.98489:3513 121.38242:3497 128.56471:5521 128.93703:3552 128.98433:3619 129.06870:4034 152.90225:3828 152.92441:3783 153.03500:3967 153.23853:3959 153.57335:3328 185.07324:3715 290.26498:5206 331.26428:40126 356.68597:4106 377.73203:5044 379.02902:5125 379.07477:6039 389.43774:5679 464.31409:5397 513.97571:6242 514.30560:5121 516.03943:7282 516.11163:5503 587.30847:4672 608.66663:5547 670.33801:5122 743.37177:7690 743.49957:4984 778.06555:4756,738873,347939,18877,0,17198,35672249,33768542,34018336,33199169,15106358,37886614,224418,108561,3878,3412,7086,209332,38378,380314,9626108.395,15362515.63,2.119254646
Neg,Yes,9659,1.642,476.27759,LPE 18:2,LPE 18:2,[M-H]-,null,0.95,TRUE,5.89,476.27829,C23H44NO7P,LPE,DBHKHNGBVGWQJE-UHFFFAOYSA-N,O=C(OCC(O)COP(=O)(O)OCCN)CCCCCCCC=CCC=CCCCCC,410,FALSE,TRUE,TRUE,Normalized unit: Intensity; Annotation method: Msp20250218112233_NCDK_conventional_converted_dev_1,FALSE,FALSE,9659,0,0,1,0.9,0.93,0.93,5,2,2.57,1345.04,QC-low_MSMS_neg1,476.27771:14194973 477.28238:3747650 478.28705:625622,78.95570:40446 82.31099:8581 82.36723:9091 82.39022:7809 82.50576:8686 82.52538:6668 94.61796:6539 94.75698:8005 94.91419:9288 95.27621:7926 109.55578:7380 114.56075:8126 120.59543:9723 125.42444:7100 128.90660:9489 128.94505:6719 140.01207:62221 142.02094:7415 152.95126:10966 152.99608:14781 185.64690:11861 185.67801:7214 196.03787:406341 202.01254:7740 214.04858:101199 279.23285:4813038 289.29660:9297 289.73331:11729 290.05685:8526 290.15607:10066 290.21701:10112 290.38297:8984 377.75259:10304 378.33127:7726 379.37680:8143 389.07233:15730 423.93564:8253 476.27817:466829,201768845,53321472,64170380,33351702,47117812,6304795,4240188,5061892,4673730,2035520,4832622,61307708,42069324,52945016,45888632,48351304,44667812,68712224,49699620,51695217.26,54795339.03,1.469728969
Neg,Yes,10323,1.534,500.27869,LPE 20:4,LPE 20:4,[M-H]-,null,1,TRUE,5.813,500.27829,C25H44NO7P,LPE,JPNPIRVRGLGTRE-UHFFFAOYSA-N,O=C(OCC(O)COP(=O)(O)OCCN)CCCCCCC=CCC=CCC=CCC=CCC,410,FALSE,TRUE,TRUE,Normalized unit: Intensity; Annotation method: Msp20250218112233_NCDK_conventional_converted_dev_1,FALSE,FALSE,10323,0,0,1,0.82,0.88,0.95,5,2,2.56,230997,QC-low_MSMS_neg1,500.27768:4743214 501.28235:1373576 502.28701:250742,78.95551:23421 82.13229:3792 83.04595:4260 94.41879:4117 94.48396:4284 94.68703:4063 98.30879:6816 109.47855:3176 109.49875:4431 109.53850:3731 109.93562:3432 109.97264:3656 117.29807:2865 125.53082:3546 128.38864:3066 128.48770:3848 128.56819:4131 128.77945:4197 128.86967:4104 128.95659:3359 129.04323:3452 140.01166:42769 152.98511:3767 152.99557:8057 153.37674:3788 177.09198:4666 185.15092:3780 185.51315:3615 185.73286:3920 196.03789:251732 205.19598:31630 214.04842:68532 228.45068:4288 229.34357:5117 259.24304:143647 285.22232:8906 290.18591:5733 290.33380:6631 303.23291:1615192 320.65286:4694 377.82944:5800 378.23590:4522 378.88705:5204 379.10483:6588 392.06668:4781 392.11676:5526 392.17938:3561 440.30246:7356 500.27826:180581,70197515,18317640,22208338,13572099,18194132,102646970,52931893,64285603,57163285,21577630,59207148,21200158,14653500,19094992,16098459,17318256,15763516,23749298,17944284,35610298.05,25862453.96,0.799554984
Pos,Yes,26011,13.695,788.61511,PC 36:1|PC 18:0_18:1,PC 18:0_18:1,[M+H]+,null,0.68,TRUE,10.628,788.61639,C44H86NO8P,PC,BKACBHCGNYBKHD-UHFFFAOYSA-N,O=C(OCC(OC(=O)CCCCCCCCCCCCCCCCCCC=CCCCCCCCCCC)COP(=O)([O-])OCC[N+](C)(C)C)CCCC,420,FALSE,TRUE,TRUE,Normalized unit: Intensity; Annotation method: Msp20250218112233_NCDK_conventional_converted_dev_1,FALSE,FALSE,26011,0,0,1,0.16,0.15,0.31,6,1,1.34,110.95,QC-low_MSMS_pos2,788.61511:3034468 789.61978:1519646 790.62445:403346,82.27341:3300 82.29524:3812 82.47122:3269 88.11239:6106 94.65256:3546 94.68250:3762 97.27355:7810 102.12784:4130 109.48284:3836 109.55150:4577 109.58764:3268 109.78458:3393 109.82167:4462 128.47415:3223 128.56271:3687 128.57233:3186 128.78348:3607 128.83113:3415 128.85730:4302 136.38791:5104 144.84732:3386 152.92957:4026 153.18408:3623 153.29858:3952 164.93039:17221 164.96057:3547 184.07338:76098 185.07784:22112 185.09218:5646 185.35783:4956 186.07805:4513 197.11494:3789 222.56111:4284 229.09317:4334 254.33650:3982 378.84534:4204 388.58466:9540 489.48090:4581 514.58069:6415 515.80310:7638 610.54266:24934 741.33337:4554 742.54095:4839 743.05237:5533 768.40533:4767,67729704,22464666,11484641,7795439,12779278,2262661120,1779556736,1895518464,1647105920,1876634112,1981337600,19207462,11159479,10208208,7332449,10923350,12142987,11451807,29571084,614582342.4,908928369.2,1.623095863
Pos,Yes,24711,11.629,760.58429,PC 34:1|PC 16:0_18:1,PC 16:0_18:1,[M+H]+,null,0.68,TRUE,9.7,760.58508,C42H82NO8P,PC,MUBRGBFQSXZCJW-UHFFFAOYSA-N,O=C(OCC(OC(=O)CCCCCCCCCCCCCCCC=CCCCCCCCC)COP(=O)([O-])OCC[N+](C)(C)C)CCCCCCC,530,FALSE,TRUE,FALSE,Normalized unit: Intensity; Annotation method: Msp20250218112233_NCDK_conventional_converted_dev_1,FALSE,FALSE,24711,0,0,1,0.02,0.01,0.34,6,0.33,0.87,484.28,QC-low_MSMS_pos2,760.58429:10257746 761.58896:4691736 762.59363:1224367,82.19085:3902 82.43596:4915 82.49203:4020 82.51019:3927 86.09639:83429 88.11220:4959 90.12310:3500 94.68357:3509 102.12757:5329 109.44875:4618 109.90675:5183 128.50735:4037 128.54915:3953 128.72842:3507 128.80077:3161 128.82802:3603 128.85744:5354 139.24680:3303 146.98177:61826 152.85561:5657 152.90891:4129 152.95082:3788 153.03232:4216 153.30316:4859 153.36191:3438 153.47859:4806 158.75891:9173 169.52869:3632 184.07338:41765 185.07639:5943 185.65842:4341 186.07899:4001 228.53131:4614 289.06854:5084 289.17599:4617 289.21362:4306 289.35382:4593 290.02945:4596 290.06485:4914 290.22079:5404 319.35349:4026 377.64890:5218 378.74570:6166 378.92429:6132 379.15787:4708 384.15906:4708 384.21500:5245 435.66998:4178 514.18719:4822 515.95898:5980 537.56982:18176 555.58331:12449 571.54993:11567 577.56274:622835 701.55457:298723 726.98010:4440 739.18127:4423 739.73273:6055 742.61743:4728 743.25079:5480 760.62994:36599,206772430,50746084,29885028,34711260,62190968,74168090624,71973871616,72221630464,66977927168,65971605504,73042001920,54835980,43675776,50239939,51091180,46163936,60178616,61567271,66787119,22377577520,33793695241,1.038674069
Neg,No,18186,10.377,786.53021,PS 36:2|PS 18:0_18:2,PS 18:0_18:2,[M-H]-,null,0.2,TRUE,8.578,786.52911,C42H78NO10P,PS,AGTPCXBHIGMTEU-UHFFFAOYSA-N,O=C(OCC(OC(=O)CCCCCCCC=CCC=CCCCCC)COP(=O)(O)OCC(N)C(=O)O)CCCCCCCCCCCCCCCCC,410,FALSE,TRUE,TRUE,Normalized unit: Intensity; Annotation method: Msp20250218112233_NCDK_conventional_converted_dev_1,FALSE,FALSE,18186,0,0,1,0.13,0.26,0.55,8,2,2.1,8.97,QC-low_MSMS_neg1,786.52911:104184 787.53378:37289 788.53845:0,78.95586:3912 82.27618:3475 87.20135:3975 94.38612:2984 94.66562:4033 94.67112:3367 94.69582:3471 95.18446:3186 100.99193:3208 113.68654:3940 120.52018:3329 128.10333:3817 128.59018:3863 128.59900:4063 128.63326:4631 128.92316:3956 129.03535:3594 144.11008:3241 152.96835:4841 152.99597:5815 153.33635:4166 153.34755:4468 171.02296:4399 185.00189:3625 185.15274:4242 271.94589:4682 279.23529:6076 283.26498:14657 289.24670:5430 289.27673:5636 290.11420:5969 319.57800:3974 377.74585:4636 377.78809:5331 378.99927:5427 379.08508:4841 388.54172:6574 419.25690:11760 452.15271:4474 514.00659:8877 514.07886:7870 514.63123:5838 515.68640:4724 515.98859:5023 516.05908:5943 516.13019:5070 586.22974:4354 699.50000:22123 739.85706:6746,245407,11629,12487,98011,36845,12024413,2660804,2019478,14760361,4002159,6606771,23550,72545,145433,30643,127412,34119,41989,35666,2.17E+06,4225269.863,1.398549635
Neg,No,19380,8.834,833.51886,PI 34:2|PI 16:0_18:2,PI 16:0_18:2,[M-H]-,null,0.65,TRUE,8.139,833.51862,C43H79O13P,PI,BSNJSZUDOMPYIR-UHFFFAOYSA-N,O=C(OCC(OC(=O)CCCCCCCC=CCC=CCCCCC)COP(=O)(O)OC1C(O)C(O)C(O)C(O)C1O)CCCCCCCCCCCCCCC,410,FALSE,TRUE,TRUE,Normalized unit: Intensity; Annotation method: Msp20250218112233_NCDK_conventional_converted_dev_1,FALSE,FALSE,19380,0,0,0.98,0.09,0.19,0.76,9,2,2.16,10039.83,QC-low_MSMS_neg1,833.52191:97464 834.52658:59404 835.53125:0,82.26004:5153 82.27969:4120 82.47517:6056 82.62856:3807 94.41248:4983 94.73360:4136 94.78590:4206 94.97801:3981 109.49378:4075 109.55174:5026 109.55897:3846 109.79130:4422 109.82406:3755 109.92620:4770 109.95949:3862 128.01787:4000 128.43669:3791 128.56035:5309 128.98537:5419 129.02644:4806 129.06908:5397 129.45911:3917 152.91960:4507 152.96896:4614 152.98042:4888 152.99617:4844 153.02956:6480 153.07704:3689 153.58627:4306 185.42973:4966 185.50288:3935 185.72728:5205 185.79970:6643 185.87332:3953 228.41656:4085 228.52750:7747 228.61586:5419 228.93535:4297 229.32465:8228 241.01227:5889 255.23415:9229 279.23312:8526 289.15402:5609 289.30917:6862 289.59448:3990 290.17480:5255 290.31610:6880 290.46091:5809 377.34885:4101 377.58304:4803 377.77295:6395 377.82022:5190 378.19916:8459 379.06726:7358 392.44754:5427 514.07764:6503 514.38324:5309 514.68805:4093 514.75616:4978 515.72540:5418 516.06561:5072 516.13129:7159 572.69641:4433 739.93774:5481 740.57117:6167 741.09644:7150 741.73767:4668 742.89941:7470 743.47235:9769 744.07629:4503 833.52130:23843,466948,59735,49387,128951,67604,5377051,525104,674602,2092755,241507,617791,120581,108066,142566,62337,103053,69251,97910,113779,5.83E+05,1220254.331,0.287935979
Neg,No,20105,10.17,861.55133,PI 36:2|PI 18:0_18:2,PI 18:0_18:2,[M-H]-,null,0.7,TRUE,8.558,861.54993,C45H83O13P,PI,KZVRAFHIKMDULK-UHFFFAOYSA-N,O=C(OCC(OC(=O)CCCCCCCC=CCC=CCCCCC)COP(=O)(O)OC1C(O)C(O)C(O)C(O)C1O)CCCCCCCCCCCCCCCCC,410,FALSE,TRUE,TRUE,Normalized unit: Intensity; Annotation method: Msp20250218112233_NCDK_conventional_converted_dev_1,FALSE,FALSE,20105,0,0,1,0.5,0.68,0.92,9,2,2.43,48750.88,QC-low_MSMS_neg1,861.55084:738122 862.55551:555385 863.56018:315464,78.95586:6393 82.25307:4102 82.40725:4406 92.34879:3629 94.38199:4164 94.49322:4257 94.67542:6205 95.68579:3815 101.46339:3275 102.95681:30490 109.34949:3595 109.55389:5600 109.72225:5277 109.82314:4536 120.93999:4207 128.46562:3550 128.55453:4321 128.76851:6723 129.01834:4894 134.98538:4147 152.64668:4396 152.67963:4070 152.99597:18183 153.02122:4547 153.25392:3831 171.23920:4358 184.98569:4524 185.04588:5512 185.06172:5010 185.12325:6113 185.33276:4245 185.36511:4307 185.72844:5003 199.41457:4189 223.00214:18269 228.59952:6036 229.21510:5492 241.01208:69563 250.55141:5267 259.02173:7244 279.23318:79313 279.26288:6838 281.24969:7556 283.26434:80019 288.03317:5369 289.14807:5998 289.26337:4184 289.29382:5823 290.13477:7551 290.30170:7416 297.03879:16042 377.75824:9182 377.80261:8063 378.20367:5479 379.06146:7193 379.25812:7711 385.62952:5895 385.67758:6563 413.05222:5442 417.24200:7487 419.25571:39506 513.99841:7206 514.34241:4763 514.70154:6026 516.07184:8501 577.27966:12872 581.31110:38614 599.32068:7636 708.51013:6090 726.65662:5118 739.93579:6648 740.65997:4953 741.02643:6311 741.61432:6439 742.85065:6780 743.38641:7148 861.54974:263246,4929347,443753,757175,773759,794117,2645421,1139940,528954,1885839,96316,204962,469169,642581,932108,583777,884651,808226,477261,489966,1.23E+06,1407264.77,1.624978369
Neg,No,20048,9.073,859.5351,PI 36:3|PI 18:1_18:2,PI 18:1_18:2,[M-H]-,null,0.3,TRUE,8.196,859.53418,C45H81O13P,PI,MXJMOLQIXMJUEL-UHFFFAOYSA-N,O=C(OCC(OC(=O)CCCCCCCC=CCC=CCCCCC)COP(=O)(O)OC1C(O)C(O)C(O)C(O)C1O)CCCCCCCC=CCCCCCCCC,410,FALSE,TRUE,TRUE,Normalized unit: Intensity; Annotation method: Msp20250218112233_NCDK_conventional_converted_dev_1,FALSE,FALSE,20048,0,0,0.99,0.1,0.25,0.77,9,2,2.19,9750.74,QC-low_MSMS_neg1,859.53235:28343 860.53702:0 861.54168:0,82.24818:5419 82.50559:4063 94.39827:3606 94.66231:4875 94.74474:3637 94.77096:4173 95.35030:3115 95.93578:3149 97.29984:12717 102.95638:7137 104.63483:4337 109.46993:3516 109.47701:4837 109.50642:6051 109.61598:3550 109.90253:3958 128.50262:4848 128.53139:4531 128.53990:5794 128.57826:4499 128.76152:4215 128.99706:4591 129.33330:3491 137.89299:4186 152.85065:4620 152.94460:5456 152.99454:5299 153.00589:5387 153.16031:3502 153.41084:3260 153.54886:4793 157.23457:4662 159.51868:3196 185.10249:6416 185.12148:3979 185.16765:4400 185.63713:3688 185.75235:6798 228.07718:4400 228.46962:4404 228.57977:5737 229.18829:4076 241.01181:4659 279.23477:5307 281.24924:9892 289.33337:5193 290.09756:4677 290.13300:4377 290.27893:6997 356.31113:5367 370.32297:4503 377.34924:4297 379.00998:6364 379.22101:4602 390.26041:5793 417.24179:7441 513.92157:5856 514.01056:5787 514.09235:6828 516.07281:5640 619.97858:4743 739.31091:4906 739.82556:5990 739.96503:8423 740.48077:6748 740.99347:6334 741.48102:4964 742.79498:5045 743.38171:5203 859.53625:32241,370772,25354,57223,39573,49264,23989981,862799,636367,1594326,5507720,559250,12883,41213,93746,37562,45757,65191,38219,19877,1.72E+06,5384402.275,1.070347197
Neg,No,20683,10.519,887.5661,PI 38:3|PI 18:0_20:3,PI 18:0_20:3,[M-H]-,null,0.8,TRUE,8.733,887.56549,C47H85O13P,PI,GGSSNEAFVQRIHU-UHFFFAOYSA-N,O=C(OCC(OC(=O)CCCCCCCCCC=CCC=CCC=CCC)COP(=O)(O)OC1C(O)C(O)C(O)C(O)C1O)CCCCCCCCCCCCCCCCC,410,FALSE,TRUE,TRUE,Normalized unit: Intensity; Annotation method: Msp20250218112233_NCDK_conventional_converted_dev_1,FALSE,FALSE,20683,0,0,1,0.16,0.33,0.79,9,2,2.23,18180.58,QC-low_MSMS_neg1,887.56567:277488 888.57034:138260 889.57501:70215,82.29973:3881 82.42101:4532 82.44447:3671 82.46705:3434 82.48457:5308 82.50719:4101 82.52804:3860 93.26299:3511 94.42358:5041 94.61082:3800 94.83041:3513 102.95686:4677 106.91270:3570 109.50061:3981 109.53947:4391 109.56998:4956 109.73517:4930 109.90585:5041 109.91597:3624 109.93061:4405 109.93957:4456 128.33327:4188 128.56027:4307 128.61447:4744 129.08778:4540 129.10562:4543 152.93774:5564 153.00078:3947 153.04013:4010 153.32098:4350 153.48471:6417 153.61015:4411 153.71196:4592 178.90364:4145 185.01143:6049 185.07843:6038 185.14708:3615 185.21391:3833 185.59286:3869 185.65930:3205 227.83527:4385 228.45804:5561 228.55176:5317 229.34238:5242 229.36285:5715 241.01251:13447 283.26337:21381 289.32224:6137 290.19534:8175 290.34311:4930 305.24911:13515 374.94034:4520 377.12512:5230 377.40054:6748 377.79871:9615 377.84592:6300 379.10260:6579 379.32468:6489 386.31854:9046 405.48627:4747 419.25772:14170 486.85495:4994 514.13525:6413 514.44653:5587 515.78033:4828 516.13440:7402 516.48560:5696 543.58057:5372 581.30823:13399 689.44305:5904 740.03149:5632 740.57690:6658 743.00360:7120 743.48224:7606 743.61237:7985 871.54199:5125 887.56964:43612,2067525,326400,356363,214593,482372,18678989,800084,2226317,2407900,5390991,546535,290484,318100,250099,262096,722054,268330,224641,591874,1.91E+06,4141906.64,0.687273229
Neg,No,20604,8.834,883.53387,PI 38:5|PI 18:1_20:4,PI 18:1_20:4a,[M-H]-,null,0.1,TRUE,8.217,883.53418,C47H81O13P,PI,XGZVRASBCZTHNO-UHFFFAOYSA-N,O=C(OCC(OC(=O)CCCCCCC=CCC=CCC=CCC=CCC)COP(=O)(O)OC1C(O)C(O)C(O)C(O)C1O)CCCCCCCC=CCCCCCCCC,410,FALSE,TRUE,TRUE,Normalized unit: Intensity; Annotation method: Msp20250218112233_NCDK_conventional_converted_dev_1,FALSE,FALSE,20604,0,0,1,0.09,0.21,0.77,9,2,2.18,32374.04,QC-low_MSMS_neg1,883.53387:63716 884.53854:48121 885.54321:0,82.24165:4434 82.28229:4712 82.56584:4335 94.41353:4688 94.41969:4749 94.46308:3838 94.47013:5346 94.68643:4692 94.76492:6183 109.26482:3737 109.34996:4339 109.52629:4081 109.56179:3908 109.61598:4593 109.62425:4744 109.72771:4469 109.73456:3853 109.92921:4300 128.22585:3878 128.27074:4836 128.48625:4242 128.52119:4695 128.55664:4280 128.56720:5565 128.61238:4802 128.63623:3984 128.66504:3976 128.99544:3417 129.03412:3705 129.07596:4401 129.22614:3464 147.52855:3477 152.98351:5202 153.08511:4018 153.36218:3757 153.58945:6880 165.03093:4534 185.13927:3979 185.21492:5694 185.37270:4684 203.59329:4059 228.43782:6472 228.54654:5678 228.62914:5146 229.23868:4823 229.33591:6573 241.01132:8483 281.24915:11180 289.03949:6135 289.19266:5887 289.31451:6248 289.75726:4793 290.17749:6280 290.31543:5600 290.34378:4961 303.23389:9533 377.56769:5279 377.61478:4912 377.80057:8034 379.08987:9002 390.43747:7738 417.24176:7099 439.68524:5427 455.02118:4740 484.07248:5048 514.08179:9958 514.44080:6247 514.80811:5135 515.81433:5661 516.13043:9657 615.86249:4691 733.01666:4983 739.98364:8971 740.47174:5109 740.60901:6239 742.96338:6126 743.52789:10354 744.10303:6268 883.53467:27073,352223,27911,45118,73864,86375,2960332,1053255,1049496,2444574,318745,998200,34532,33031,80335,81831,71591,50012,47184,50960,5.16E+05,830443.1059,0.350863619
Neg,No,16166,14.272,728.56,PE O-36:2|PE O-16:1_20:1,PE O-16:1_20:1,[M-H]-,null,0.2,TRUE,11.542,728.56,C41H80NO7P,EtherPE,YXTRSCFEJBBRNO-UHFFFAOYSA-N,O=C(OC(COCCCCCCCCC=CCCCCCC)COP(=O)(O)OCCN)CCCCCCCCCC=CCCCCCCCC,410,FALSE,TRUE,TRUE,Normalized unit: Intensity; Annotation method: Msp20250218112233_NCDK_conventional_converted_dev_1,FALSE,FALSE,16166,0,0,0.98,0.17,0.29,0.49,3,2,2.09,8.23,QC-low_MSMS_neg1,728.56268:94491 729.56735:50992 730.57202:0,82.02812:3196 82.29400:3661 94.35256:3042 94.40319:4065 94.40901:4058 94.67751:3580 97.30061:6218 101.44475:3138 109.36462:2701 109.51876:3180 109.54957:4023 110.12170:3003 112.82365:2877 128.59424:4169 128.89314:3684 128.97682:3333 129.01129:4048 129.05484:3349 129.31712:3829 138.49994:3439 148.66676:3263 152.90855:4821 153.02202:4978 153.09235:2929 184.98230:4436 228.41203:5756 229.31046:4145 289.14795:5688 309.28030:40916 360.60001:4816 377.76236:6469 379.05707:6809 390.15521:6549 436.27930:4636 514.04956:8294 516.09784:4653,285712,125037,17836,3224,19989,4994562,3621857,3744253,3439360,2210106,3955014,137768,47469,4337,26794,14482,79301,34812,475614,1.19E+06,1729225.803,0
Neg,No,8338,1.731,438.26282,LPE 15:0,LPE 15:0,[M-H]-,null,0.4,TRUE,5.764,438.2626,C20H42NO7P,LPE,FGHPDPYCRTXYNZ-UHFFFAOYSA-N,O=C(OCC(O)COP(=O)(O)OCCN)CCCCCCCCCCCCCC,410,FALSE,TRUE,TRUE,Normalized unit: Intensity; Annotation method: Msp20250218112233_NCDK_conventional_converted_dev_1,FALSE,FALSE,8338,0,0,0.99,0.23,0.25,0.73,5,2,2.2,61.22,QC-low_MSMS_neg2,438.26126:146324 439.26593:0 440.27060:0,82.48830:2366 82.56258:2828 87.53023:2363 94.40577:2741 94.44724:3408 94.69471:2311 94.73906:2393 95.97364:2777 97.29186:4630 109.53231:2796 109.55556:2814 109.64193:2480 128.48901:3374 128.52879:3421 128.57622:2748 128.61542:4153 128.99112:3448 150.81393:2778 152.99405:3367 153.50645:2507 153.53162:3529 161.64427:2560 162.26360:2571 182.22934:3259 185.23854:2726 196.03790:3874 214.04744:3302 229.41542:3090 241.21713:48649 289.26813:3465 289.99420:4131 290.13651:4147 290.27985:3306 337.31348:3025 377.81747:4396 379.01822:3343 384.67221:3327 385.64783:4835 394.33847:5187 438.29407:30485,835370,26921,36563,6001,56095,1651503,923544,1175588,1187322,768150,1124717,44209,24592,38536,30483,27439,41444,40793,58282,4.32E+05,538214.4646,0.501982145
Neg,No,9243,1.819,464.27859,LPE 17:1,LPE 17:1,[M-H]-,null,0.5,TRUE,6.082,464.27829,C22H44NO7P,LPE,LNJNONCNASQZOB-UHFFFAOYSA-N,O=C(OCC(O)COP(=O)(O)OCCN)CCCCCCCC=CCCCCCCC,410,FALSE,TRUE,TRUE,Normalized unit: Intensity; Annotation method: Msp20250218112233_NCDK_conventional_converted_dev_1,FALSE,FALSE,9243,0,0,0.96,0.18,0.23,0.69,5,2,2.15,66.12,QC-low_MSMS_neg2,464.27560:139581 465.28027:0 466.28494:0,82.15102:3118 94.43977:2929 94.58234:3028 94.71001:3098 94.73254:3142 94.89610:2634 96.54282:2552 109.58789:3967 109.62197:3131 109.99678:3679 128.60301:2825 128.80504:3382 129.06302:3113 149.18411:2498 152.83208:3069 153.02017:2933 159.59341:2632 175.03290:2854 185.11314:2757 185.14458:2851 185.19121:2835 185.21947:3764 185.61559:3002 185.77827:5371 185.92784:3265 196.03848:4209 229.49913:3231 256.00650:3223 265.94809:2893 267.23285:49322 289.10767:3813 289.21893:3409 289.36646:4196 289.40402:4019 289.45834:3184 290.17972:3648 290.40533:4036 343.99191:5721 377.68121:3614 377.84457:3680 377.90134:4554 379.13965:5218 379.19577:3792 384.95200:5288 464.30518:21066 466.62817:4129,823405,38611,24488,21005,14529,1684114,1892188,2193772,2144970,1398400,2588228,73218,12479,43277,63311,41252,13061,90177,52464,6.95E+05,917693.8986,0.646164179
Neg,No,10484,3.548,506.32394,LPE 20:1,LPE 20:1,[M-H]-,null,0.45,TRUE,6.907,506.3252,C25H50NO7P,LPE,JEAGLCKGAKACCE-UHFFFAOYSA-N,O=C(OCC(O)COP(=O)(O)OCCN)CCCCCCCCCC=CCCCCCCCC,410,FALSE,TRUE,TRUE,Normalized unit: Intensity; Annotation method: Msp20250218112233_NCDK_conventional_converted_dev_1,FALSE,FALSE,10484,0,0,0.99,0.72,0.77,0.95,5,2,2.51,69.39,QC-low_MSMS_neg1,506.32394:411460 507.32861:140300 508.33328:7077166,78.95522:2974 82.28945:3426 82.30611:3144 82.56699:3281 94.52345:3898 94.73315:2965 94.75454:2882 94.76678:3179 94.79026:3495 103.97768:2747 110.48412:2648 128.59447:2957 129.79756:2879 143.83984:2869 153.01549:2918 153.09497:3500 153.56877:4049 185.43610:2907 196.03796:27418 214.04845:5109 228.61031:4122 281.24789:14108 289.28021:4079 289.31009:4315 290.16241:4714 290.28592:3236 290.53543:3478 290.57880:3551 309.27994:284598 377.78131:5325 379.09570:4558 379.13870:4946 379.28546:3570 389.64307:5456 438.09982:3396 506.32700:48475,7322845,238282,186745,0,107825,978824,170650,719156,550980,207891,914094,732047,83344,10889,11712,25787,158538,110174,1067301,9.76E+05,1976192.267,2.488519236
Neg,No,10370,1.859,502.29288,LPE 20:3,LPE 20:3,[M-H]-,null,0.5,TRUE,6.303,502.29391,C25H46NO7P,LPE,UEONHLLDVDPRRN-UHFFFAOYSA-N,O=C(OCC(O)COP(=O)(O)OCCN)CCCCCCCCCC=CCC=CCC=CCC,410,FALSE,TRUE,TRUE,Normalized unit: Intensity; Annotation method: Msp20250218112233_NCDK_conventional_converted_dev_1,FALSE,FALSE,10370,0,0,1,0.63,0.72,0.94,5,2,2.48,65.85,QC-low_MSMS_neg1,502.29294:802854 503.29761:236753 504.30227:201820,82.57346:3048 82.57806:3376 94.50594:2645 94.61108:2740 94.72594:3216 94.74786:3102 94.79693:2517 94.80318:2830 97.30075:5828 97.72861:2946 106.87811:2597 107.65671:2739 109.50777:3240 109.59607:3141 109.90310:4046 109.93777:2597 109.94524:2609 110.01128:3027 115.92098:3913 118.52554:3275 128.50316:3863 128.58517:2958 128.80064:4087 140.01216:5638 153.05348:3505 153.59224:3486 154.17290:2695 185.09081:3704 185.16084:3152 185.17816:2994 185.75705:4835 185.81924:3627 196.03810:32229 214.04834:10738 219.25252:2709 229.17787:3711 229.36253:3227 229.47189:4098 280.23523:5010 288.29279:8535 289.21255:5367 289.34976:4080 289.40381:4744 290.21906:4638 290.37204:4432 290.64700:3968 305.24857:319102 338.85571:3553 377.82962:3314 377.91458:3761 378.03247:3450 379.13000:4689 392.11301:5934 392.16238:4815 450.29321:5391 452.30667:4360 502.29276:39663,10487676,534189,1876185,395972,436566,27636290,4437276,19423012,17963816,4861607,12572400,1114047,353917,460808,524228,502043,537087,1156437,591239,5.83E+06,8009900.944,2.050592252
Neg,No,10273,1.282,498.26294,LPE 20:5,LPE 20:5,[M-H]-,null,0.35,TRUE,5.409,498.2626,C25H42NO7P,LPE,KCWGBXXAJHVZNN-UHFFFAOYSA-N,O=C(OCC(O)COP(=O)(O)OCCN)CCCC=CCC=CCC=CCC=CCC=CCC,410,FALSE,TRUE,TRUE,Normalized unit: Intensity; Annotation method: Msp20250218112233_NCDK_conventional_converted_dev_1,FALSE,FALSE,10273,0,0,0.98,0.09,0.14,0.73,5,2,2.14,58.16,QC-low_MSMS_neg2,498.26080:49928 499.26547:0 500.27014:299455,82.25780:2462 82.27737:3296 82.56727:2423 82.57994:2957 94.43603:3253 94.48199:3715 94.50592:2585 94.56878:2693 94.70416:3300 94.75565:3020 94.80869:3522 109.51894:2739 109.54914:3096 109.56896:3341 109.63638:2601 109.68537:2798 109.88807:2984 109.95068:2725 128.51303:2778 128.58887:3583 128.80084:2729 131.83051:3237 134.21764:2397 153.06168:3446 153.28751:3723 185.18163:3656 185.62831:3211 196.03735:4696 213.14934:5895 214.04759:3164 228.67377:3863 229.30951:3820 229.39139:5550 288.51633:3673 289.21869:3929 289.37378:4329 289.80576:3654 290.08627:4023 290.22256:4334 301.21744:11843 377.89014:4806 377.93536:4822 378.27701:3453 378.31964:4009 379.15790:4181 379.80182:3558,194278,7071,7358,4135,9483,1800849,297394,792364,729057,5085020,675177,12042,8539,8019,15620,24875,8770,12390,15077,4.88E+05,1171481.905,0.682371103
Neg,No,11536,2.107,528.3089,LPE 22:4,LPE 22:4,[M-H]-,null,0.9,TRUE,6.281,528.30957,C27H48NO7P,LPE,RSVFMXVZJZRSQQ-UHFFFAOYSA-N,O=C(OCC(O)COP(=O)(O)OCCN)CCCCCCCCC=CCC=CCC=CCC=CCC,410,FALSE,TRUE,TRUE,Normalized unit: Intensity; Annotation method: Msp20250218112233_NCDK_conventional_converted_dev_1,FALSE,FALSE,11536,0,0,1,0.81,0.91,0.95,5,2,2.56,73020.95,QC-low_MSMS_neg1,528.30890:1522542 529.31357:470486 530.31823:0,78.95549:6850 89.84859:2599 94.43486:2940 94.46584:3929 94.80470:2859 97.29977:5063 109.49291:3962 109.89144:3003 128.51392:3247 129.07845:3608 140.01172:10660 152.92334:3329 152.96284:3475 152.97475:3458 153.53049:3556 181.03336:3517 182.85263:2912 185.14435:3098 196.03801:67198 214.04860:18648 222.46509:2929 228.54793:3420 229.34648:3858 287.27383:14894 289.29034:3196 289.75708:3240 303.23419:5095 305.56619:3287 331.26431:564526 379.07834:4322 379.12405:3733 379.29666:3716 389.82367:5785 514.05585:3801 514.12408:3924 515.16711:3223 516.09326:5550 528.30969:64930,9539958,1431490,960904,224014,678684,1633412,515514,1852134,1392611,169492,1162035,2216689,1301088,1230798,1344481,1565281,1486809,933571,1357983,2.48E+06,4243039.987,1.268195842
Pos,No,32027,21.803,968.76929,TG 60:12|TG 20:4_20:4_20:4,TG 20:4_20:4_20:4,[M+NH4]+,null,0.05,TRUE,13.938,968.7702,C63H98O6,TG,SSTFWICCEAKSBO-UHFFFAOYSA-N,O=C(OCC(OC(=O)CCCCCCC=CCC=CCC=CCC=CCC)COC(=O)CCCCCCC=CCC=CCC=CCC=CCC)CCCCCCC=CCC=CCC=CCC=CCC,410,FALSE,TRUE,TRUE,Normalized unit: Intensity; Annotation method: Msp20250218112233_NCDK_conventional_converted_dev_1,FALSE,FALSE,32027,0,0,1,0.04,0.09,0.72,3,2,2.12,9.12,QC-low_MSMS_pos2,968.76929:97376 969.77395:64944 970.77862:0,82.19629:3841 82.33493:4182 82.38202:4935 82.44566:4289 82.53233:4494 88.11202:7306 94.38210:6099 94.41051:4434 94.70132:3886 94.75774:6240 97.27319:12412 102.12783:4521 109.44634:5399 109.51148:4004 109.67885:4091 109.77647:5124 109.78344:4959 109.90897:4755 128.46396:4537 128.71384:4680 128.72333:4595 128.80594:4987 128.93539:5164 129.05768:5376 145.31593:4616 152.92848:5051 152.96666:5669 153.18361:4584 153.19582:4637 153.46893:5940 153.52269:5646 153.57671:4260 177.16376:23125 179.80093:5748 184.92436:5603 184.98947:5842 185.06743:5640 185.12906:5323 185.65038:5712 185.72191:4708 189.16521:6577 228.33687:7044 228.53131:8083 229.24449:9513 259.24182:35046 289.04401:7523 289.19586:6798 289.47516:6168 290.35126:5579 291.07611:4964 353.42593:5832 377.61267:8448 377.65753:8062 377.84283:7391 378.07520:6896 378.72766:6215 378.92395:11425 379.13043:6923 379.34183:5138 513.84589:9746 646.48456:5862 647.50031:20139 742.01208:6478 742.58557:5611 743.13995:6788 781.03900:5952 843.37970:6714 907.23340:6339,453839,7712,29431,9191,5990,0,0,0,0,0,0,19113,7471,16308,13317,16476,6982,7606,16441,3.21E+04,102456.6405,0.939335252
Pos,No,24602,10.194,758.56732,PC 34:2|PC 16:0_18:2,PC 16:0_18:2,[M+H]+,null,0.68,TRUE,9.15,758.5694,C42H80NO8P,PC,RXPVDHQFHIMZPN-UHFFFAOYSA-N,O=C(OCC(OC(=O)CCCCCCCC=CCCCCCCC)COP(=O)([O-])OCC[N+](C)(C)C)CCCCCCCC=CCCCCCCC,530,FALSE,TRUE,FALSE,Normalized unit: Intensity; Annotation method: Msp20250218112233_NCDK_conventional_converted_dev_1,FALSE,FALSE,24602,0,0,0.99,0.06,0.05,0.35,4,1,1.31,1647.33,QC-low_MSMS_pos2,758.56732:30912542 759.57199:16131733 760.57666:3293494,82.28131:2968 82.48062:3287 87.04432:5290 88.11226:8223 94.36642:3158 94.52985:3082 94.66570:3864 95.30034:3182 100.08820:3680 102.12762:7903 109.52756:6588 109.55895:4922 109.76482:4686 109.89348:3952 109.90064:3208 116.58980:3823 125.60045:3660 128.52885:3915 128.56851:5365 150.95641:3725 152.99178:5704 153.04420:5115 184.07335:28554 185.08275:4193 185.13194:4024 185.16667:7482 185.23676:5864 185.68089:4121 185.75699:4616 197.13734:4323 228.45897:5812 228.67102:5726 228.76418:4802 229.17674:4817 229.28148:5379 289.08725:5519 289.22046:5438 289.35141:3887 289.52325:6005 290.10532:7713 295.83017:3919 349.53760:4551 377.48569:7375 377.68460:6210 378.06927:3732 378.95605:4191 379.00388:6434 388.33160:5640 388.37756:6595 513.94440:7710 514.26465:6189 515.96674:5645 527.58618:4430 586.53821:5101 628.56842:4493 739.81696:8807 741.04150:5223 742.70099:4617 743.30884:5235,467900868,33188914,10677697,29513034,24085901,618628902,475596098,525072253,484922842,6225668628,507094841,21597965,42359876,24349467,21114222,27617049,30334126,48016226,33884013,5.08E+08,1403627058,2.742003566
Pos,No,25257,10.646,772.58246,PC 35:2|PC 17:0_18:2,PC 17:0_18:2,[M+H]+,null,0.68,TRUE,9.456,772.58508,C43H82NO8P,PC,HJLYXMFZEJDPNP-UHFFFAOYSA-N,O=C(OCC(OC(=O)CCCCCCCCCCCCCCCCCC=CCC=CCCCCCCC)COP(=O)([O-])OCC[N+](C)(C)C)CCCC,530,FALSE,TRUE,FALSE,Normalized unit: Intensity; Annotation method: Msp20250218112233_NCDK_conventional_converted_dev_1,FALSE,FALSE,25257,0,0,0.99,0.11,0.09,0.31,6,1,1.31,29.32,QC-low_MSMS_pos2,772.58246:1266949 773.58713:811389 774.59179:1100059,81.31622:3234 87.04429:6830 88.11216:7443 94.39421:3498 94.40809:2969 98.39836:3737 102.12766:9277 109.45577:3612 109.49691:4057 109.57555:3388 109.69180:4515 109.94600:3900 128.50757:4578 128.52870:3865 128.59518:4031 128.74150:3778 128.99850:4312 135.54625:3698 136.04666:3085 152.92014:3394 152.97746:3128 153.54306:4223 184.07317:46615 184.08633:3729 185.17546:3994 185.67331:4734 219.79501:4260 228.45428:5093 228.52766:4638 228.78493:4371 229.27844:5273 250.21933:4161 290.23627:7814 311.72800:5066 377.63562:5553 377.68250:6671 378.12537:4687 378.73953:4478 379.17084:5173 387.88440:7017 396.79016:4290 513.88940:8549 514.24841:5873 514.58978:6392 515.56641:5262 515.94849:8905 650.85980:5194 740.25494:5817 741.43884:6813 742.67969:7686 743.87640:5005 772.64081:4758,15941123,495566,1247347,494681,719807,169061692,111162076,159456270,132966074,50904540,118772734,439754,350299,548842,519012,927853,1165660,355043,499238,4.03E+07,62414127.87,3.391212266
Pos,No,25900,12.008,786.59998,PC 36:2|PC 18:0_18:2,PC 18:0_18:2,[M+H]+,null,0.68,TRUE,9.829,786.60071,C44H84NO8P,PC,SNKAWJBJQDLSFF-UHFFFAOYSA-N,O=C(OCC(OC(=O)CCCCCCCC=CCCCCCCCC)COP(=O)([O-])OCC[N+](C)(C)C)CCCCCCCC=CCCCCCCCC,530,FALSE,TRUE,FALSE,Normalized unit: Intensity; Annotation method: Msp20250218112233_NCDK_conventional_converted_dev_1,FALSE,FALSE,25900,0,0,1,0.03,0.02,0.34,4,1,1.3,502.03,QC-low_MSMS_pos2,786.59998:9326419 787.60464:4754170 788.60931:1342481,82.21114:3479 82.27570:3148 82.28642:3967 88.11217:7472 94.41622:4612 94.44020:3215 94.46403:3169 94.65245:3665 94.76102:3981 102.05475:4937 109.44537:3476 109.52343:3666 109.55453:4169 109.68258:3815 128.42049:3430 128.52019:3307 128.59705:2739 128.96013:4444 152.87538:4517 152.92554:5204 153.01167:4832 153.03967:4148 153.42720:3690 153.52625:4507 156.19310:3838 182.18977:3471 184.07367:14587 184.93779:4229 185.11998:5862 185.15680:4248 185.67128:4436 198.97411:20488 228.25365:5032 228.46411:4438 229.23509:4494 229.25818:4357 289.24661:4585 289.37646:4102 320.59076:3884 332.34622:4841 353.02292:4774 375.11063:4568 377.59070:4373 377.65717:5790 377.70938:5406 378.92862:4088 386.97614:6843 390.26581:4751 413.63995:4748 494.84647:4539 513.87561:5309 513.95557:5178 514.18750:4596 515.88867:5049 517.04675:5646 570.54791:38036 739.65625:6653 739.78754:5491 740.18829:6005 740.88898:5079 742.66071:5773 743.08478:5646 743.24927:6213 786.51715:17503 790.06250:4913,198853433,23752222,19383955,52780074,35311340,63572431,54098583,377133472,55015534,29229762,58355028,9333772,16537152,28152373,49559926,6697629,19985714,40143574,61024217,6.31E+07,86517606.95,0.928043912
Pos,No,14131,1.322,518.32373,LPC 18:3/0:0,LPC 18:3,[M+H]+,null,0.68,TRUE,5.524,518.3241,C26H48NO7P,LPC,WKQNRCYKYCKESD-UHFFFAOYSA-N,O=C(OCC(O)COP(=O)([O-])OCC[N+](C)(C)C)CCCCCCCC=CCC=CCC=CCC,410,FALSE,TRUE,TRUE,Normalized unit: Intensity; Annotation method: Msp20250218112233_NCDK_conventional_converted_dev_1,FALSE,FALSE,14131,0,0,1,0.55,0.67,0.85,3,2,2.41,804.28,QC-low_MSMS_pos2,518.32373:38605684 519.32840:11456150 520.33307:2497806,79.05418:24912 81.06968:45669 86.09637:880957 94.03840:30919 94.40353:27228 94.45078:26566 94.45679:21732 94.46401:27013 95.08522:43187 97.28127:35744 102.42191:24275 104.10695:6906346 109.46571:21581 109.50814:22575 109.59781:28479 109.90122:31481 124.99976:232706 127.95464:21213 128.45038:23606 128.57608:24683 129.00691:29865 153.00525:26195 178.06400:26425 181.02634:66014 184.07332:12142171 185.68440:41223 199.03685:30096 215.71402:20975 258.10950:190806 276.50641:24561 289.09793:27377 289.14072:25094 289.97028:46223 290.11688:30896 317.81580:25954 335.25674:172547 377.50549:25376 377.71634:35111 378.35309:26602 378.98553:31353 379.21509:23554 385.94992:35038 385.99561:25567 409.67023:64588 423.33347:55573 441.24142:66239 500.31335:908902 514.00183:23956 514.66125:34411 515.01007:28196 515.65802:31462 516.01434:52759 516.38696:25042 518.32397:1191929,495255767,84620631,56160073,77185223,82033079,183824,184453,469479,682974,157889,389887,92860655,83117919,86320371,74114675,75862694,77967724,93405028,82169170,7.70E+07,108370319,0.713839083
Pos,No,15667,5.758,552.4021,LPC 20:0/0:0,LPC 20:0,[M+H]+,null,0.53,TRUE,7.295,552.4024,C28H58NO7P,LPC,UATOAILWGVYRQS-UHFFFAOYSA-N,O=C(OCC(O)COP(=O)([O-])OCC[N+](C)(C)C)CCCCCCCCCCCCCCCCCCC,410,FALSE,TRUE,TRUE,Normalized unit: Intensity; Annotation method: Msp20250218112233_NCDK_conventional_converted_dev_1,FALSE,FALSE,15667,0,0,1,0.15,0.24,0.74,3,2,2.19,53.47,QC-low_MSMS_pos2,552.40210:1334148 553.40677:363252 554.41144:92485,82.20718:3237 88.11211:16441 88.11670:2592 93.30842:2925 94.38388:2894 94.39133:2900 94.44401:3475 94.68740:2777 94.75859:3012 102.12763:5779 104.10694:21540 109.50867:3831 109.54422:2842 109.77586:2892 109.90597:3004 109.91338:3813 110.26518:2938 114.85651:2615 115.52276:2567 128.50328:3542 128.51195:3263 128.85117:3268 129.01753:3938 152.85739:4424 152.90314:4346 152.91534:4324 153.01968:3022 171.61684:3234 184.07353:30387 184.99283:4374 185.05489:3176 185.07069:4761 185.36951:3356 185.50803:3108 185.65817:3418 215.08917:42832 228.52167:3785 228.54314:3967 228.73512:3679 229.24471:4404 289.05154:3682 289.19824:5291 290.05945:4143 290.19525:4849 294.50302:3237 329.63571:3716 377.60236:3972 377.64679:5905 377.81909:3271 378.92896:5259 386.35043:7761 386.40430:4099 496.27646:3935 513.50092:4032 513.85626:4260 514.57324:4456 515.90198:4370 515.97107:4086 552.39258:31967,24488127,2187013,1235400,1664969,286492,483193,238836,400097,130746,798933,506812,1221996,738862,1049208,532505,714406,2142459,723040,3658994,2.27E+06,5448736.324,0.543082362
Pos,No,11424,4.537,468.34546,LPC O-15:0,LPC O-15:0b,[M+H]+,null,0.16,TRUE,5.88,468.34491,C23H50NO6P,EtherLPC,VTFABDYKCIOCAV-UHFFFAOYSA-N,O=P([O-])(OCC[N+](C)(C)C)OCC(OCCCCCCCCCCCCCCC)CO,410,FALSE,TRUE,TRUE,Normalized unit: Intensity; Annotation method: Msp20250218112233_NCDK_conventional_converted_dev_1,FALSE,FALSE,11424,0,0,1,0.15,0.22,0.94,5,2,2.27,9.78,QC-low_MSMS_pos2,468.34546:132621 469.35013:54644 470.35479:16012,82.30127:5502 83.08542:19535 85.10114:204810 86.09644:29208 87.04403:25040 88.11217:7013 89.05966:1187677 91.07558:9143 94.40987:7960 94.67692:5695 97.10112:38940 97.28172:13194 99.11673:44934 104.10693:416753 107.07024:19575 109.54876:8203 109.58332:8987 109.70443:5060 111.11674:34127 111.64773:5190 113.13261:30797 117.09097:35101 124.99986:12727 125.13295:6087 127.14848:11996 128.45537:4536 128.55432:6310 128.59814:6252 128.75392:4793 128.92743:5141 128.97433:6209 129.06068:5575 129.32793:4345 129.48833:5031 130.08643:16234 131.07089:8668 133.08589:708340 135.10217:7131 149.11688:7979 151.09654:19753 152.79584:5189 152.90092:6377 152.96021:6363 153.01595:5321 153.07312:8347 153.45470:5857 153.51649:5833 161.34320:7160 169.19511:41921 177.11205:199648 184.07326:76033 185.56453:5608 185.68475:5404 185.71098:5082 195.12273:32678 213.22157:24996 221.13834:14713 229.28773:5018 229.41107:8001 239.14857:33780 257.24716:56361 283.17459:98652 289.13629:7749 289.28381:8269 289.57547:6800 290.43771:6201 301.27429:19562 363.31012:14715 372.63977:5903 377.70486:6379 377.77109:10041 378.21033:5890 378.82584:7288 379.05804:9584 387.98288:10414 388.03241:4990 407.33548:10490 415.31854:6570 440.66205:6776 451.36313:58680 468.34274:122179,1243078,153148,183184,22715,101017,380101,171919,337721,210935,186928,349464,159219,114122,176739,178637,86274,72509,201821,139973,2.35E+05,260957.2755,1.174348196
Pos,Yes,3476,9.727,369.35071, ST 27:1;O, ST 27:1;O,[M+H-H2O]+,null,0.95,FALSE,8.638,369.35159,C27H46O,ST,HVYWMOMLDIMFJA-UHFFFAOYSA-N,OC1CC2=CCC3C(CCC4(C)C(CCC34)C(C)CCCC(C)C)C2(C)CC1,530,FALSE,TRUE,FALSE,Normalized unit: Intensity; Annotation method: Msp20250218112233_NCDK_conventional_converted_dev_1,FALSE,FALSE,3476,0,0,1,-1,-1,-1,-1,-1,1,124.43,XY-pos_13,369.35153:2893550 370.35620:0 371.36087:0,null,0,5431030,1855904,2863701,2988478,7159417,11628838,12267513,10097484,4531784,11084427,7010952,1595065,2822017,2852112,2351873,3676704,1773928,8241745,5.28E+06,3811967.108,2.382553707
Pos,No,15048,6.682,538.42224,LPC O-20:0,LPC O-20:0b,[M+H]+,null,0.05,TRUE,7.643,538.4231,C28H60NO6P,EtherLPC,YYGTUBFHUJNRRV-UHFFFAOYSA-N,O=P([O-])(OCC[N+](C)(C)C)OCC(OCCCCCCCCCCCCCCCCCCCC)CO,410,FALSE,TRUE,TRUE,Normalized unit: Intensity; Annotation method: Msp20250218112233_NCDK_conventional_converted_dev_1,FALSE,FALSE,15048,0,0,1,0.2,0.21,0.9,5,2,2.26,19.11,QC-low_MSMS_pos2,538.42224:94865 539.42691:37402 540.43158:0,82.25181:3355 82.27465:3901 82.28543:3113 82.30851:2634 82.46127:2621 86.09637:4613 88.11215:7827 94.42600:3124 94.48350:3096 94.49357:2680 94.67191:3697 94.72237:3439 102.12771:7689 104.10693:46629 109.51460:3912 109.53128:2958 109.53874:3741 109.55015:2967 109.57569:2717 109.63849:2913 109.80148:3209 128.50017:2946 128.53600:2783 128.58362:2926 128.59256:2672 128.66138:2895 128.91946:3154 128.92912:3533 139.95569:2741 144.33421:3097 153.01472:3547 153.03329:3450 153.07182:3710 153.11922:2953 153.34863:3750 153.40036:4101 153.45221:3233 153.50586:3857 166.11073:3685 177.12273:3283 179.03102:2712 184.07339:8269 185.13327:4066 185.56023:3963 185.71674:3357 228.51570:4703 229.03105:4094 229.12656:5096 229.22003:3940 289.14139:3422 289.17542:4089 289.22272:4115 289.32886:3770 289.41589:3470 290.04410:4765 377.58813:3359 377.82025:4699 378.04712:3777 378.68011:4689 378.88507:3990 388.74277:3563 388.80966:4680 393.98013:3235 395.18231:3320 443.78711:3452 513.81012:5073 515.54401:5306 515.86786:5895 538.41797:13859,642897,51417,57037,54824,72177,7706,11674,9043,6106,9334,19822,88636,18041,79943,63940,72847,34913,30616,130461,7.69E+04,141216.4736,1.597256878
Pos,No,12470,9.304,492.47763,Cer 32:1;O2|Cer 17:1;O2/15:0,Cer 17:1;O2/15:0,[M+H-H2O]+,null,0.11,TRUE,8.94,492.47751,C32H63NO3,Cer_NS,UAZWOHRRCXEPKY-UHFFFAOYSA-N,O=C(NC(CO)C(O)C=CCCCCCCCCCCCC)CCCCCCCCCCCCCC,410,FALSE,TRUE,TRUE,Normalized unit: Intensity; Annotation method: Msp20250218112233_NCDK_conventional_converted_dev_1,FALSE,FALSE,12470,0,0,1,0.13,0.2,0.84,6,2,2.22,6.79,QC-low_MSMS_pos2,492.47763:93805 493.48230:0 494.48697:0,82.23302:3448 82.54227:2264 84.27721:2503 85.12999:2430 88.11213:10404 94.39224:3208 94.41983:2918 94.44663:2713 94.47363:4078 94.55002:2806 94.65536:3319 94.71371:3169 97.27288:5062 100.82800:2817 102.12756:7548 109.48816:3266 109.55678:2873 109.68562:4023 109.85670:2697 109.89278:3548 109.92204:2806 119.94895:2602 128.47578:3380 128.51932:5037 128.90460:3178 128.94186:3212 128.98859:4446 129.02844:2948 131.20212:2580 135.88095:2362 136.06047:2490 136.91049:2735 152.86577:3148 152.92311:3865 153.42310:2721 153.47263:3163 153.53354:2746 153.58484:3463 184.78616:3261 185.07510:4174 185.37541:4053 185.52138:3727 185.66606:5038 228.44194:4921 228.46181:4592 228.56473:3172 229.16292:3863 229.25197:4324 236.23782:13339 238.25383:4978 250.25281:28367 268.26282:5913 289.22513:5856 289.51324:3270 290.07422:5207 363.17014:5375 373.58368:3194 377.45670:3838 377.67120:5866 378.10352:4153 378.93991:6729 379.17679:5167 387.56570:5839 474.46933:4205,386294,6495,18935,19978,17046,118350,67668,110316,49206,0,42032,12711,16259,24256,16229,6046,9554,7382,23232,50104.69145,88052.19048,2.436659493
Pos,Yes,15500,12.801,548.54022,Cer 36:1;O2|Cer 18:1;O2/18:0,Cer 18:1;O2/18:0,[M+H-H2O]+,null,0.37,TRUE,10.583,548.5401,C36H71NO3,Cer_NS,VODZWWMEJITOND-UHFFFAOYSA-N,O=C(NC(CO)C(O)C=CCCCCCCCCCCCCC)CCCCCCCCCCCCCCCCC,410,FALSE,TRUE,TRUE,Normalized unit: Intensity; Annotation method: Msp20250218112233_NCDK_conventional_converted_dev_1,FALSE,FALSE,15500,0,0,0.97,0.22,0.32,0.71,6,2,2.19,1975.36,QC-low_MSMS_pos2,548.53748:67510 549.54214:38621 550.54681:0,82.08710:3036 82.23660:3359 82.25320:3145 88.11205:11438 89.49392:2618 94.36909:5215 94.50142:3184 94.55614:3310 94.63560:4211 97.28159:10704 99.58102:2832 102.12781:4088 109.43230:3120 109.45848:4529 109.46591:3324 109.65954:3263 109.83105:2783 114.01475:2625 128.44661:3334 128.47896:3218 128.70094:4491 152.78331:2924 152.84024:3575 152.94034:3149 152.98212:3025 153.16965:2950 177.89980:2907 184.88818:3184 184.96289:3611 185.03902:3651 185.16893:2982 185.34366:3538 185.47693:3944 185.68552:2953 210.67148:2878 228.28622:3546 228.30751:4680 252.26956:4569 264.26794:62121 282.27975:7408 289.00333:4450 290.00897:3855 355.01855:3674 377.60034:5376 378.84366:4261 378.88730:4925 379.08618:5226 388.65930:4653 388.70761:3593 513.77911:7061 515.81677:5132,476078,7677,7737,8105,77346,296742014,242631174,269561650,269582207,335425880,288333667,20262,14035,14404,131185,27087,24723,31789,30222,89639328.55,136471784.3,2.187624933
Neg,Yes,20195,7.041,865.50293,PG 44:12|PG 22:6_22:6,PG 22:6_22:6,[M-H]-,null,0.55,TRUE,7.95,865.5025,C50H75O10P,PG,XACKZSRNTPEYBU-UHFFFAOYSA-N,O=C(OCC(OC(=O)CCC=CCC=CCC=CCC=CCC=CCC=CCC)COP(=O)(O)OCC(O)CO)CCC=CCC=CCC=CCC=CCC=CCC=CCC,530,FALSE,TRUE,FALSE,Normalized unit: Intensity; Annotation method: Msp20250218112233_NCDK_conventional_converted_dev_1,FALSE,FALSE,20195,0,0,1,0.02,0.04,0.36,4,2,1.95,9861.72,QC-low_MSMS_neg1,865.50220:44997 866.50687:0 867.51153:0,82.30602:3547 82.45733:4499 94.75649:4341 94.76836:3489 94.79213:4575 109.36275:3787 109.75976:4427 112.98679:3585 128.64693:3492 128.80705:4360 128.85721:4884 128.95198:3484 129.04025:4379 129.04919:3922 153.02672:4433 153.29184:4492 153.52484:3754 185.17128:3948 185.77615:4814 212.51479:4034 228.71494:4917 229.39253:6340 290.22208:6063 321.85486:5385 327.23337:8777 335.95184:4974 377.86536:5390 378.29163:5098 378.95959:5075 383.19336:5209 391.46738:8378 513.88477:5789 514.86554:5306 515.90869:5128 516.20575:5606 516.27795:6817 740.09454:5387 740.67682:8020 740.93561:6710 743.08789:7973 743.62415:9010 794.28143:4995,255644,0,27256,126518,69843,9351114,2063037,2284474,1547727,415662753,2059493,21873,16129,326499,239341,28427,42884,49631,9610,21721586.51,92748344.22,4.968212107